source,date,time,stock,symbol,engine,sentence,direction,template,entry,stop,target,exit,exit_reason,result_R,result_rupees,status,entry_date,exit_date
EOD PAPER,,,197633,DABUR,E1,"DABUR, daily: when VWAP is in its lowest 20% → it tends to go UP over the next 20 days.",direct,stop1_tgt1.5,,,,,,,,queued,,
EOD PAPER,,,356865,HINDUNILVR,E1,"HINDUNILVR, daily: when VWAP is in its lowest 20% → it tends to go UP over the next 20 days.",direct,stop1_tgt1.5,,,,,,,,queued,,
EOD PAPER,,,4574465,JSWENERGY,E1,"JSWENERGY, daily: when RSI is between 40 and 60 and volatility (ATR) is in its low 20–40% at the same time → it tends to go UP over the next 20 days.",direct,stop1_tgt1.5,,,,,,,,queued,,
EOD PAPER,,,548865,BDL,E1,"BDL, daily: when RSI is between 30 and 50 and money-flow (MFI) is between 20 and 40 at the same time → it tends to go UP over the next 20 days.",direct,stop1_tgt1.5,,,,,,,,queued,,
EOD PAPER,,,794369,SHREECEM,E1,"SHREECEM, daily: when VWAP is in its lowest 20% → it tends to go UP over the next 20 days.",direct,stop1_tgt1.5,,,,,,,,queued,,
LIVE PAPER,2026-09-11,09:45,3725313,PHOENIXLTD,E1,"PHOENIXLTD, 30-minute: when its moving average is in its high 60–80% and volume flow (OBV) is in its high 60–80% at the same time → it tends to go UP over the next 20 bars.",direct,stop1_tgt1.5,1834.3,1819.23,1856.9,1856.9,target,1.2565,1256.49,closed,2026-09-11,2026-09-11
LIVE PAPER,2026-09-11,10:15,325121,AMBUJACEM,E1,"AMBUJACEM, 60-minute: when return volatility is in its middle 20% and VWAP is in its lowest 20% at the same time → it tends to go UP over the next 20 bars.",direct,stop1_tgt1.5,389.0,386.34,392.99,392.99,target,1.2075,1207.54,closed,2026-09-11,2026-09-11
LIVE PAPER,2026-09-11,10:30,4576001,GODREJPROP,E1,"GODREJPROP, 15-minute: when its moving average is in its low 20–40% and historical volatility is in its highest 20% at the same time → it tends to go UP over the next 20 bars.",direct,stop1_tgt1.5,1742.1,1727.51,1763.98,1727.51,stop,-1.2389,-1238.87,closed,2026-09-11,2026-09-11
LIVE PAPER,2026-09-11,10:45,359937,HINDPETRO,E1,"HINDPETRO, 15-minute: when its EMA trend is in its lowest 20% and volume flow (OBV) is in its high 60–80% at the same time → it tends to go UP over the next 20 bars.",direct,stop1_tgt1.5,345.7,343.85,348.48,348.48,target,1.1272,1127.17,closed,2026-09-11,2026-09-11
LIVE PAPER,2026-09-11,11:45,1346049,INDUSINDBK,E1,"INDUSINDBK, 30-minute: when volatility (ATR) is in its low 20–40% and volume flow (OBV) is in its high 60–80% at the same time → it tends to go UP over the next 20 bars.",direct,stop1_tgt1.5,977.4,972.53,984.71,972.53,stop,-1.401,-1401.05,closed,2026-09-11,2026-09-11
LIVE PAPER,2026-09-11,12:15,1152769,MPHASIS,E1,"MPHASIS, 60-minute: when volatility (ATR) is in its lowest 20% and VWAP is in its low 20–40% at the same time → it tends to go UP over the next 20 bars.",direct,stop1_tgt1.5,2291.1,2270.57,2321.9,2295.0,session-close,-0.0332,-33.22,closed,2026-09-11,2026-09-11
LIVE PAPER,2026-09-11,13:30,4576001,GODREJPROP,E1,"GODREJPROP, 15-minute: when its moving average is in its low 20–40% and historical volatility is in its highest 20% at the same time → it tends to go UP over the next 20 bars.",direct,stop1_tgt1.5,1728.0,1716.77,1744.85,1744.85,target,1.1923,1192.29,closed,2026-09-11,2026-09-11
LIVE PAPER,2026-09-11,14:30,359937,HINDPETRO,E1,"HINDPETRO, 15-minute: when its EMA trend is in its lowest 20% and volume flow (OBV) is in its high 60–80% at the same time → it tends to go UP over the next 20 bars.",direct,stop1_tgt1.5,352.7,351.12,355.07,353.75,session-close,0.2185,218.52,closed,2026-09-11,2026-09-11
BACKTEST,2026-03-27,,2674433,UNITDSPR,E1,"UNITDSPR, daily: when its EMA trend is in its lowest 20% → it tends to go UP over the next 20 days.",direct,stop1_tgt1.5,1314.5,1275.25,1373.38,1275.25,stop,-1.067,-1066.98,closed,2026-03-27,2026-03-30
BACKTEST,2026-04-02,,2674433,UNITDSPR,E1,"UNITDSPR, daily: when its EMA trend is in its lowest 20% → it tends to go UP over the next 20 days.",direct,stop1_tgt1.5,1238.1,1197.06,1299.66,1299.66,target,1.4397,1439.67,closed,2026-04-02,2026-04-17
BACKTEST,2026-04-21,,2674433,UNITDSPR,E1,"UNITDSPR, daily: when its EMA trend is in its lowest 20% → it tends to go UP over the next 20 days.",direct,stop1_tgt1.5,1315.0,1278.8,1369.31,1369.31,target,1.4274,1427.36,closed,2026-04-21,2026-04-22
BACKTEST,2026-04-24,,2674433,UNITDSPR,E1,"UNITDSPR, daily: when its EMA trend is in its lowest 20% → it tends to go UP over the next 20 days.",direct,stop1_tgt1.5,1383.0,1345.97,1438.54,1345.97,stop,-1.0747,-1074.7,closed,2026-04-24,2026-04-30
BACKTEST,2026-05-07,,2674433,UNITDSPR,E1,"UNITDSPR, daily: when its EMA trend is in its lowest 20% → it tends to go UP over the next 20 days.",direct,stop1_tgt1.5,1296.7,1260.31,1351.29,1260.31,stop,-1.0713,-1071.26,closed,2026-05-07,2026-05-12
BACKTEST,2026-05-14,,2674433,UNITDSPR,E1,"UNITDSPR, daily: when its EMA trend is in its lowest 20% → it tends to go UP over the next 20 days.",direct,stop1_tgt1.5,1266.9,1234.36,1315.71,1315.71,target,1.4221,1422.14,closed,2026-05-14,2026-05-15
BACKTEST,2026-05-19,,2674433,UNITDSPR,E1,"UNITDSPR, daily: when its EMA trend is in its lowest 20% → it tends to go UP over the next 20 days.",direct,stop1_tgt1.5,1309.1,1273.27,1362.84,1273.27,stop,-1.0731,-1073.08,closed,2026-05-19,2026-05-21
BACKTEST,2026-05-25,,2674433,UNITDSPR,E1,"UNITDSPR, daily: when its EMA trend is in its lowest 20% → it tends to go UP over the next 20 days.",direct,stop1_tgt1.5,1290.0,1256.73,1339.9,1256.73,stop,-1.0776,-1077.56,closed,2026-05-25,2026-06-01
BACKTEST,2026-06-03,,2674433,UNITDSPR,E1,"UNITDSPR, daily: when its EMA trend is in its lowest 20% → it tends to go UP over the next 20 days.",direct,stop1_tgt1.5,1280.0,1247.4,1328.91,1247.4,stop,-1.0785,-1078.52,closed,2026-06-03,2026-06-05
BACKTEST,2026-06-09,,2674433,UNITDSPR,E1,"UNITDSPR, daily: when its EMA trend is in its lowest 20% → it tends to go UP over the next 20 days.",direct,stop1_tgt1.5,1239.9,1210.43,1284.11,1284.11,target,1.4159,1415.86,closed,2026-06-09,2026-06-15
BACKTEST,2026-06-17,,2674433,UNITDSPR,E1,"UNITDSPR, daily: when its EMA trend is in its lowest 20% → it tends to go UP over the next 20 days.",direct,stop1_tgt1.5,1304.0,1276.08,1345.89,1345.89,target,1.4066,1406.6,closed,2026-06-17,2026-06-18
BACKTEST,2026-06-22,,2674433,UNITDSPR,E1,"UNITDSPR, daily: when its EMA trend is in its lowest 20% → it tends to go UP over the next 20 days.",direct,stop1_tgt1.5,1320.5,1290.06,1366.16,1366.16,target,1.4132,1413.23,closed,2026-06-22,2026-06-25
BACKTEST,2026-08-12,,1510401,AXISBANK,E1,"AXISBANK, daily: when its EMA trend is in its low 20–40% → it tends to go UP over the next 20 days.",direct,stop1_tgt1.5,1230.0,1207.59,1263.61,1263.61,target,1.3902,1390.21,closed,2026-08-12,2026-08-27
BACKTEST,2026-08-31,,1510401,AXISBANK,E1,"AXISBANK, daily: when its EMA trend is in its low 20–40% → it tends to go UP over the next 20 days.",direct,stop1_tgt1.5,1257.0,1237.49,1286.27,1237.49,stop,-1.1288,-1128.83,closed,2026-08-31,2026-09-09
BACKTEST,2026-09-11,,1510401,AXISBANK,E1,"AXISBANK, daily: when its EMA trend is in its low 20–40% → it tends to go UP over the next 20 days.",direct,stop1_tgt1.5,1237.9,1218.4,1267.15,1251.1,time,0.5499,549.87,closed,2026-09-11,2026-09-11
BACKTEST,2026-06-30,,2674433,UNITDSPR,E1,"UNITDSPR, daily: when its moving average is in its lowest 20% → it tends to go UP over the next 20 days.",direct,stop1_tgt1.5,1348.3,1315.95,1396.82,1396.82,target,1.4166,1416.64,closed,2026-06-30,2026-07-03
BACKTEST,2026-08-05,,3663105,INDIANB,E1,"INDIANB, daily: when volatility (ATR) is in its low 20–40% → it tends to go UP over the next 20 days.",direct,stop1_tgt1.5,851.9,831.39,882.66,882.66,target,1.4169,1416.91,closed,2026-08-05,2026-08-07
BACKTEST,2026-08-12,,3663105,INDIANB,E1,"INDIANB, daily: when volatility (ATR) is in its low 20–40% → it tends to go UP over the next 20 days.",direct,stop1_tgt1.5,875.6,854.72,906.92,854.72,stop,-1.0839,-1083.88,closed,2026-08-12,2026-09-09
BACKTEST,2026-05-11,,1215745,CONCOR,E1,"CONCOR, daily: when its moving average is in its low 20–40% → it tends to go UP over the next 20 days.",direct,stop1_tgt1.5,535.75,523.47,554.17,523.47,stop,-1.0872,-1087.25,closed,2026-05-11,2026-05-12
BACKTEST,2026-05-14,,1215745,CONCOR,E1,"CONCOR, daily: when its moving average is in its low 20–40% → it tends to go UP over the next 20 days.",direct,stop1_tgt1.5,522.35,509.78,541.2,509.78,stop,-1.0831,-1083.13,closed,2026-05-14,2026-05-18
BACKTEST,2026-05-22,,1215745,CONCOR,E1,"CONCOR, daily: when its moving average is in its low 20–40% → it tends to go UP over the next 20 days.",direct,stop1_tgt1.5,507.45,494.79,526.44,494.79,stop,-1.0802,-1080.16,closed,2026-05-22,2026-05-26
BACKTEST,2026-05-29,,1215745,CONCOR,E1,"CONCOR, daily: when its moving average is in its low 20–40% → it tends to go UP over the next 20 days.",direct,stop1_tgt1.5,472.95,459.22,493.55,459.22,stop,-1.0689,-1068.87,closed,2026-05-29,2026-06-01
BACKTEST,2026-07-22,,1215745,CONCOR,E1,"CONCOR, daily: when its moving average is in its low 20–40% → it tends to go UP over the next 20 days.",direct,stop1_tgt1.5,489.0,476.99,507.02,476.99,stop,-1.0814,-1081.4,closed,2026-07-22,2026-07-24
BACKTEST,2026-07-28,,1215745,CONCOR,E1,"CONCOR, daily: when its moving average is in its low 20–40% → it tends to go UP over the next 20 days.",direct,stop1_tgt1.5,514.5,500.26,535.85,500.26,stop,-1.0723,-1072.28,closed,2026-07-28,2026-08-10
BACKTEST,2026-08-12,,1215745,CONCOR,E1,"CONCOR, daily: when its moving average is in its low 20–40% → it tends to go UP over the next 20 days.",direct,stop1_tgt1.5,515.0,502.69,533.47,533.47,target,1.4163,1416.33,closed,2026-08-12,2026-08-13
BACKTEST,2026-01-12,,5013761,BSE,E1,"BSE, daily: when return volatility is in its lowest 20% → it tends to go DOWN over the next 20 days.",inverse,stop1_tgt1.5,2700.0,2777.47,2583.79,2777.47,stop,-1.0697,-1069.7,closed,2026-01-12,2026-01-13
BACKTEST,2026-01-16,,5013761,BSE,E1,"BSE, daily: when return volatility is in its lowest 20% → it tends to go DOWN over the next 20 days.",inverse,stop1_tgt1.5,2851.0,2930.73,2731.41,2731.41,target,1.4285,1428.48,closed,2026-01-16,2026-01-19
BACKTEST,2026-01-21,,5013761,BSE,E1,"BSE, daily: when return volatility is in its lowest 20% → it tends to go DOWN over the next 20 days.",inverse,stop1_tgt1.5,2638.7,2721.42,2514.62,2721.42,stop,-1.0638,-1063.8,closed,2026-01-21,2026-01-22
BACKTEST,2026-01-27,,5013761,BSE,E1,"BSE, daily: when return volatility is in its lowest 20% → it tends to go DOWN over the next 20 days.",inverse,stop1_tgt1.5,2699.4,2781.56,2576.16,2781.56,stop,-1.0657,-1065.71,closed,2026-01-27,2026-01-28
BACKTEST,2026-01-30,,5013761,BSE,E1,"BSE, daily: when return volatility is in its lowest 20% → it tends to go DOWN over the next 20 days.",inverse,stop1_tgt1.5,2859.0,2941.5,2735.25,2735.25,target,1.4307,1430.69,closed,2026-01-30,2026-02-01
BACKTEST,2026-03-18,,5013761,BSE,E1,"BSE, daily: when return volatility is in its lowest 20% → it tends to go DOWN over the next 20 days.",inverse,stop1_tgt1.5,2982.3,3086.99,2825.26,2825.26,target,1.443,1443.03,closed,2026-03-18,2026-03-20
BACKTEST,2026-05-05,,5013761,BSE,E1,"BSE, daily: when return volatility is in its lowest 20% → it tends to go DOWN over the next 20 days.",inverse,stop1_tgt1.5,3712.0,3812.44,3561.34,3812.44,stop,-1.0739,-1073.92,closed,2026-05-05,2026-05-06
BACKTEST,2026-05-08,,5013761,BSE,E1,"BSE, daily: when return volatility is in its lowest 20% → it tends to go DOWN over the next 20 days.",inverse,stop1_tgt1.5,3963.6,4067.57,3807.64,4067.57,stop,-1.0762,-1076.24,closed,2026-05-08,2026-05-15
BACKTEST,2026-05-19,,5013761,BSE,E1,"BSE, daily: when return volatility is in its lowest 20% → it tends to go DOWN over the next 20 days.",inverse,stop1_tgt1.5,4155.4,4272.03,3980.46,4272.03,stop,-1.0713,-1071.26,closed,2026-05-19,2026-05-21
BACKTEST,2026-05-25,,5013761,BSE,E1,"BSE, daily: when return volatility is in its lowest 20% → it tends to go DOWN over the next 20 days.",inverse,stop1_tgt1.5,4250.0,4367.12,4074.32,4367.12,stop,-1.0726,-1072.57,closed,2026-05-25,2026-05-26
BACKTEST,2026-05-29,,5013761,BSE,E1,"BSE, daily: when return volatility is in its lowest 20% → it tends to go DOWN over the next 20 days.",inverse,stop1_tgt1.5,4250.0,4374.15,4063.77,4063.77,target,1.4315,1431.54,closed,2026-05-29,2026-06-01
BACKTEST,2026-06-29,,5013761,BSE,E1,"BSE, daily: when return volatility is in its lowest 20% → it tends to go DOWN over the next 20 days.",inverse,stop1_tgt1.5,3878.0,4009.54,3680.69,3680.69,target,1.441,1441.04,closed,2026-06-29,2026-07-07
BACKTEST,2026-07-09,,5013761,BSE,E1,"BSE, daily: when return volatility is in its lowest 20% → it tends to go DOWN over the next 20 days.",inverse,stop1_tgt1.5,3762.0,3889.29,3571.07,3571.07,target,1.4409,1440.89,closed,2026-07-09,2026-07-20
BACKTEST,2026-07-22,,5013761,BSE,E1,"BSE, daily: when return volatility is in its lowest 20% → it tends to go DOWN over the next 20 days.",inverse,stop1_tgt1.5,3664.0,3774.49,3498.26,3498.26,target,1.4337,1433.68,closed,2026-07-22,2026-07-27
BACKTEST,2026-07-29,,5013761,BSE,E1,"BSE, daily: when return volatility is in its lowest 20% → it tends to go DOWN over the next 20 days.",inverse,stop1_tgt1.5,3475.0,3576.75,3322.38,3576.75,stop,-1.0683,-1068.31,closed,2026-07-29,2026-07-31
BACKTEST,2026-08-04,,5013761,BSE,E1,"BSE, daily: when return volatility is in its lowest 20% → it tends to go DOWN over the next 20 days.",inverse,stop1_tgt1.5,3575.0,3675.4,3424.39,3424.39,target,1.4288,1428.79,closed,2026-08-04,2026-08-07
BACKTEST,2026-08-11,,5013761,BSE,E1,"BSE, daily: when return volatility is in its lowest 20% → it tends to go DOWN over the next 20 days.",inverse,stop1_tgt1.5,3620.0,3731.02,3453.48,3453.48,target,1.4348,1434.78,closed,2026-08-11,2026-08-14
BACKTEST,2026-08-18,,5013761,BSE,E1,"BSE, daily: when return volatility is in its lowest 20% → it tends to go DOWN over the next 20 days.",inverse,stop1_tgt1.5,3298.7,3405.44,3138.6,3405.44,stop,-1.0618,-1061.81,closed,2026-08-18,2026-08-20
BACKTEST,2026-08-31,,5013761,BSE,E1,"BSE, daily: when return volatility is in its lowest 20% → it tends to go DOWN over the next 20 days.",inverse,stop1_tgt1.5,3405.0,3504.54,3255.68,3255.68,target,1.4316,1431.59,closed,2026-08-31,2026-09-01
BACKTEST,2026-02-02,,5533185,ABCAPITAL,E1,"ABCAPITAL, daily: when historical volatility is in its low 20–40% → it tends to go UP over the next 20 days.",direct,stop1_tgt1.5,327.5,316.87,343.45,343.45,target,1.4384,1438.38,closed,2026-02-02,2026-02-03
BACKTEST,2026-05-11,,5533185,ABCAPITAL,E1,"ABCAPITAL, daily: when historical volatility is in its low 20–40% → it tends to go UP over the next 20 days.",direct,stop1_tgt1.5,358.0,346.14,375.79,346.14,stop,-1.0604,-1060.38,closed,2026-05-11,2026-05-12
BACKTEST,2026-08-07,,5533185,ABCAPITAL,E1,"ABCAPITAL, daily: when historical volatility is in its low 20–40% → it tends to go UP over the next 20 days.",direct,stop1_tgt1.5,419.0,407.75,435.87,407.75,stop,-1.0745,-1074.49,closed,2026-08-07,2026-08-10
BACKTEST,2026-08-19,,5533185,ABCAPITAL,E1,"ABCAPITAL, daily: when historical volatility is in its low 20–40% → it tends to go UP over the next 20 days.",direct,stop1_tgt1.5,402.4,392.26,417.61,392.26,stop,-1.0793,-1079.35,closed,2026-08-19,2026-09-01
BACKTEST,2026-01-12,,5552641,DIXON,E1,"DIXON, daily: when RSI is between 20 and 40 → it tends to go DOWN over the next 20 days.",inverse,stop1_tgt1.5,11880.0,12314.79,11227.82,11227.82,target,1.4454,1445.35,closed,2026-01-12,2026-01-13
BACKTEST,2026-01-16,,5552641,DIXON,E1,"DIXON, daily: when RSI is between 20 and 40 → it tends to go DOWN over the next 20 days.",inverse,stop1_tgt1.5,11108.0,11555.31,10437.04,10437.04,target,1.4503,1450.33,closed,2026-01-16,2026-01-21
BACKTEST,2026-01-23,,5552641,DIXON,E1,"DIXON, daily: when RSI is between 20 and 40 → it tends to go DOWN over the next 20 days.",inverse,stop1_tgt1.5,10575.0,11025.69,9898.96,9898.96,target,1.4531,1453.07,closed,2026-01-23,2026-01-30
BACKTEST,2026-02-02,,5552641,DIXON,E1,"DIXON, daily: when RSI is between 20 and 40 → it tends to go DOWN over the next 20 days.",inverse,stop1_tgt1.5,10250.0,10760.83,9483.75,10760.83,stop,-1.0401,-1040.13,closed,2026-02-02,2026-02-03
BACKTEST,2026-02-24,,5552641,DIXON,E1,"DIXON, daily: when RSI is between 20 and 40 → it tends to go DOWN over the next 20 days.",inverse,stop1_tgt1.5,10560.0,10995.8,9906.3,9906.3,target,1.4515,1451.54,closed,2026-02-24,2026-03-04
BACKTEST,2026-03-06,,5552641,DIXON,E1,"DIXON, daily: when RSI is between 20 and 40 → it tends to go DOWN over the next 20 days.",inverse,stop1_tgt1.5,10199.0,10616.22,9573.16,10616.22,stop,-1.0489,-1048.89,closed,2026-03-06,2026-03-10
BACKTEST,2026-05-13,,5552641,DIXON,E1,"DIXON, daily: when RSI is between 20 and 40 → it tends to go DOWN over the next 20 days.",inverse,stop1_tgt1.5,10255.0,10669.53,9633.2,10669.53,stop,-1.0495,-1049.48,closed,2026-05-13,2026-05-14
BACKTEST,2026-09-11,,5552641,DIXON,E1,"DIXON, daily: when RSI is between 20 and 40 → it tends to go DOWN over the next 20 days.",inverse,stop1_tgt1.5,13300.0,13670.08,12744.88,13460.0,time,-0.5042,-504.21,closed,2026-09-11,2026-09-11
BACKTEST,2026-05-21,,140033,BRITANNIA,E1,"BRITANNIA, daily: when its moving average is in its lowest 20% → it tends to go UP over the next 20 days.",direct,stop1_tgt1.5,5361.5,5235.04,5551.19,5235.04,stop,-1.0848,-1084.79,closed,2026-05-21,2026-05-29
BACKTEST,2026-06-02,,140033,BRITANNIA,E1,"BRITANNIA, daily: when its moving average is in its lowest 20% → it tends to go UP over the next 20 days.",direct,stop1_tgt1.5,5120.5,5009.55,5286.92,5286.92,target,1.4077,1407.69,closed,2026-06-02,2026-06-24
BACKTEST,2026-06-29,,140033,BRITANNIA,E1,"BRITANNIA, daily: when its moving average is in its lowest 20% → it tends to go UP over the next 20 days.",direct,stop1_tgt1.5,5233.0,5149.14,5358.79,5149.14,stop,-1.1248,-1124.81,closed,2026-06-29,2026-06-30
BACKTEST,2026-07-02,,140033,BRITANNIA,E1,"BRITANNIA, daily: when its moving average is in its lowest 20% → it tends to go UP over the next 20 days.",direct,stop1_tgt1.5,5287.0,5191.9,5429.65,5429.65,target,1.3888,1388.81,closed,2026-07-02,2026-07-03
BACKTEST,2026-07-07,,140033,BRITANNIA,E1,"BRITANNIA, daily: when its moving average is in its lowest 20% → it tends to go UP over the next 20 days.",direct,stop1_tgt1.5,5454.0,5356.87,5599.7,5356.87,stop,-1.1123,-1112.3,closed,2026-07-07,2026-07-08
BACKTEST,2026-07-10,,140033,BRITANNIA,E1,"BRITANNIA, daily: when its moving average is in its lowest 20% → it tends to go UP over the next 20 days.",direct,stop1_tgt1.5,5390.0,5290.9,5538.66,5290.9,stop,-1.1088,-1108.77,closed,2026-07-10,2026-07-13
BACKTEST,2026-07-15,,140033,BRITANNIA,E1,"BRITANNIA, daily: when its moving average is in its lowest 20% → it tends to go UP over the next 20 days.",direct,stop1_tgt1.5,5311.5,5213.93,5457.86,5457.86,target,1.3911,1391.13,closed,2026-07-15,2026-07-20
BACKTEST,2026-07-22,,140033,BRITANNIA,E1,"BRITANNIA, daily: when its moving average is in its lowest 20% → it tends to go UP over the next 20 days.",direct,stop1_tgt1.5,5478.5,5385.2,5618.45,5385.2,stop,-1.1174,-1117.44,closed,2026-07-22,2026-07-23
BACKTEST,2026-07-27,,140033,BRITANNIA,E1,"BRITANNIA, daily: when its moving average is in its lowest 20% → it tends to go UP over the next 20 days.",direct,stop1_tgt1.5,5399.5,5299.49,5549.52,5549.52,target,1.392,1392.02,closed,2026-07-27,2026-07-29
BACKTEST,2026-07-31,,140033,BRITANNIA,E1,"BRITANNIA, daily: when its moving average is in its lowest 20% → it tends to go UP over the next 20 days.",direct,stop1_tgt1.5,5445.0,5344.68,5595.48,5595.48,target,1.3914,1391.45,closed,2026-07-31,2026-08-07
BACKTEST,2026-08-11,,140033,BRITANNIA,E1,"BRITANNIA, daily: when its moving average is in its lowest 20% → it tends to go UP over the next 20 days.",direct,stop1_tgt1.5,5650.0,5536.44,5820.34,5536.44,stop,-1.0995,-1099.5,closed,2026-08-11,2026-08-17
BACKTEST,2026-09-03,,140033,BRITANNIA,E1,"BRITANNIA, daily: when its moving average is in its lowest 20% → it tends to go UP over the next 20 days.",direct,stop1_tgt1.5,5131.5,5030.58,5282.88,5030.58,stop,-1.1017,-1101.69,closed,2026-09-03,2026-09-07
BACKTEST,2026-09-09,,140033,BRITANNIA,E1,"BRITANNIA, daily: when its moving average is in its lowest 20% → it tends to go UP over the next 20 days.",direct,stop1_tgt1.5,5064.0,4966.98,5209.52,4966.98,stop,-1.1044,-1104.4,closed,2026-09-09,2026-09-11
BACKTEST,2026-03-20,,175361,CHOLAFIN,E1,"CHOLAFIN, daily: when its moving average is in its middle 20% → it tends to go UP over the next 20 days.",direct,stop1_tgt1.5,1460.0,1402.82,1545.78,1402.82,stop,-1.0511,-1051.06,closed,2026-03-20,2026-03-23
BACKTEST,2026-03-25,,175361,CHOLAFIN,E1,"CHOLAFIN, daily: when its moving average is in its middle 20% → it tends to go UP over the next 20 days.",direct,stop1_tgt1.5,1442.0,1386.22,1525.67,1386.22,stop,-1.0517,-1051.7,closed,2026-03-25,2026-03-30
BACKTEST,2026-05-08,,175361,CHOLAFIN,E1,"CHOLAFIN, daily: when its moving average is in its middle 20% → it tends to go UP over the next 20 days.",direct,stop1_tgt1.5,1688.1,1630.3,1774.8,1630.3,stop,-1.0584,-1058.41,closed,2026-05-08,2026-05-11
BACKTEST,2026-05-13,,175361,CHOLAFIN,E1,"CHOLAFIN, daily: when its moving average is in its middle 20% → it tends to go UP over the next 20 days.",direct,stop1_tgt1.5,1567.8,1511.55,1652.18,1511.55,stop,-1.0557,-1055.74,closed,2026-05-13,2026-05-18
BACKTEST,2026-05-20,,175361,CHOLAFIN,E1,"CHOLAFIN, daily: when its moving average is in its middle 20% → it tends to go UP over the next 20 days.",direct,stop1_tgt1.5,1502.0,1450.31,1579.53,1579.53,target,1.4419,1441.88,closed,2026-05-20,2026-05-25
BACKTEST,2026-05-27,,175361,CHOLAFIN,E1,"CHOLAFIN, daily: when its moving average is in its middle 20% → it tends to go UP over the next 20 days.",direct,stop1_tgt1.5,1568.0,1518.99,1641.52,1518.99,stop,-1.064,-1063.98,closed,2026-05-27,2026-06-01
BACKTEST,2026-06-25,,175361,CHOLAFIN,E1,"CHOLAFIN, daily: when its moving average is in its middle 20% → it tends to go UP over the next 20 days.",direct,stop1_tgt1.5,1807.0,1756.55,1882.67,1756.55,stop,-1.0716,-1071.64,closed,2026-06-25,2026-07-09
BACKTEST,2026-04-13,,2457345,DELHIVERY,E1,"DELHIVERY, daily: when VWAP is in its highest 20% → it tends to go DOWN over the next 20 days.",inverse,stop1_tgt1.5,458.0,473.49,434.76,473.49,stop,-1.0591,-1059.12,closed,2026-04-13,2026-04-20
BACKTEST,2026-04-22,,2457345,DELHIVERY,E1,"DELHIVERY, daily: when VWAP is in its highest 20% → it tends to go DOWN over the next 20 days.",inverse,stop1_tgt1.5,472.0,487.46,448.81,448.81,target,1.4389,1438.94,closed,2026-04-22,2026-04-23
BACKTEST,2026-04-29,,2457345,DELHIVERY,E1,"DELHIVERY, daily: when VWAP is in its highest 20% → it tends to go DOWN over the next 20 days.",inverse,stop1_tgt1.5,467.9,483.17,445.0,483.17,stop,-1.0613,-1061.29,closed,2026-04-29,2026-05-07
BACKTEST,2026-05-11,,2457345,DELHIVERY,E1,"DELHIVERY, daily: when VWAP is in its highest 20% → it tends to go DOWN over the next 20 days.",inverse,stop1_tgt1.5,473.55,488.23,451.53,451.53,target,1.4355,1435.47,closed,2026-05-11,2026-05-18
BACKTEST,2026-06-23,,2457345,DELHIVERY,E1,"DELHIVERY, daily: when VWAP is in its highest 20% → it tends to go DOWN over the next 20 days.",inverse,stop1_tgt1.5,483.95,496.76,464.73,464.73,target,1.4245,1424.46,closed,2026-06-23,2026-06-24
BACKTEST,2026-06-29,,2457345,DELHIVERY,E1,"DELHIVERY, daily: when VWAP is in its highest 20% → it tends to go DOWN over the next 20 days.",inverse,stop1_tgt1.5,461.2,475.37,439.94,475.37,stop,-1.0651,-1065.08,closed,2026-06-29,2026-07-01
BACKTEST,2026-07-03,,2457345,DELHIVERY,E1,"DELHIVERY, daily: when VWAP is in its highest 20% → it tends to go DOWN over the next 20 days.",inverse,stop1_tgt1.5,512.25,527.82,488.9,488.9,target,1.4342,1434.19,closed,2026-07-03,2026-07-17
BACKTEST,2026-07-21,,2457345,DELHIVERY,E1,"DELHIVERY, daily: when VWAP is in its highest 20% → it tends to go DOWN over the next 20 days.",inverse,stop1_tgt1.5,486.05,501.24,463.26,463.26,target,1.436,1436.02,closed,2026-07-21,2026-07-24
BACKTEST,2026-07-29,,2457345,DELHIVERY,E1,"DELHIVERY, daily: when VWAP is in its highest 20% → it tends to go DOWN over the next 20 days.",inverse,stop1_tgt1.5,476.0,489.43,455.85,489.43,stop,-1.0709,-1070.87,closed,2026-07-29,2026-07-31
BACKTEST,2026-08-04,,2457345,DELHIVERY,E1,"DELHIVERY, daily: when VWAP is in its highest 20% → it tends to go DOWN over the next 20 days.",inverse,stop1_tgt1.5,470.0,484.23,448.65,484.23,stop,-1.066,-1066.05,closed,2026-08-04,2026-08-11
BACKTEST,2026-08-13,,2457345,DELHIVERY,E1,"DELHIVERY, daily: when volume flow (OBV) is in its highest 20% → it tends to go DOWN over the next 20 days.",inverse,stop1_tgt1.5,466.0,480.4,444.4,444.4,target,1.4353,1435.27,closed,2026-08-13,2026-08-24
BACKTEST,2026-08-26,,2457345,DELHIVERY,E1,"DELHIVERY, daily: when volume flow (OBV) is in its highest 20% → it tends to go DOWN over the next 20 days.",inverse,stop1_tgt1.5,447.75,459.04,430.81,459.04,stop,-1.0793,-1079.31,closed,2026-08-26,2026-08-27
BACKTEST,2026-08-31,,2457345,DELHIVERY,E1,"DELHIVERY, daily: when volume flow (OBV) is in its highest 20% → it tends to go DOWN over the next 20 days.",inverse,stop1_tgt1.5,471.95,483.38,454.81,454.81,target,1.4174,1417.4,closed,2026-08-31,2026-09-02
BACKTEST,2026-09-04,,2457345,DELHIVERY,E1,"DELHIVERY, daily: when volume flow (OBV) is in its highest 20% → it tends to go DOWN over the next 20 days.",inverse,stop1_tgt1.5,465.0,476.1,448.34,448.34,target,1.4162,1416.25,closed,2026-09-04,2026-09-09
BACKTEST,2026-09-11,,2457345,DELHIVERY,E1,"DELHIVERY, daily: when volume flow (OBV) is in its highest 20% → it tends to go DOWN over the next 20 days.",inverse,stop1_tgt1.5,445.35,455.36,430.34,439.1,time,0.5355,535.5,closed,2026-09-11,2026-09-11
BACKTEST,2026-04-22,,1304833,ETERNAL,E1,"ETERNAL, daily: when RSI is between 60 and 80 → it tends to go UP over the next 20 days.",direct,stop1_tgt1.5,257.03,247.86,270.79,247.86,stop,-1.056,-1056.04,closed,2026-04-22,2026-04-28
BACKTEST,2026-06-22,,1304833,ETERNAL,E1,"ETERNAL, daily: when RSI is between 60 and 80 → it tends to go UP over the next 20 days.",direct,stop1_tgt1.5,264.5,256.48,276.52,256.48,stop,-1.066,-1066.0,closed,2026-06-22,2026-06-24
BACKTEST,2026-07-01,,1304833,ETERNAL,E1,"ETERNAL, daily: when RSI is between 60 and 80 → it tends to go UP over the next 20 days.",direct,stop1_tgt1.5,266.3,258.68,277.73,277.73,target,1.4301,1430.1,closed,2026-07-01,2026-07-02
BACKTEST,2026-07-06,,1304833,ETERNAL,E1,"ETERNAL, daily: when RSI is between 60 and 80 → it tends to go UP over the next 20 days.",direct,stop1_tgt1.5,283.8,275.68,295.97,295.97,target,1.4301,1430.06,closed,2026-07-06,2026-07-08
BACKTEST,2026-07-10,,1304833,ETERNAL,E1,"ETERNAL, daily: when RSI is between 60 and 80 → it tends to go UP over the next 20 days.",direct,stop1_tgt1.5,294.7,286.17,307.5,286.17,stop,-1.0691,-1069.08,closed,2026-07-10,2026-07-13
BACKTEST,2026-07-15,,1304833,ETERNAL,E1,"ETERNAL, daily: when RSI is between 60 and 80 → it tends to go UP over the next 20 days.",direct,stop1_tgt1.5,285.0,276.65,297.53,297.53,target,1.4318,1431.76,closed,2026-07-15,2026-07-16
BACKTEST,2026-07-20,,1304833,ETERNAL,E1,"ETERNAL, daily: when RSI is between 60 and 80 → it tends to go UP over the next 20 days.",direct,stop1_tgt1.5,284.65,275.87,297.82,275.87,stop,-1.0648,-1064.83,closed,2026-07-20,2026-07-22
BACKTEST,2026-07-24,,1304833,ETERNAL,E1,"ETERNAL, daily: when RSI is between 60 and 80 → it tends to go UP over the next 20 days.",direct,stop1_tgt1.5,285.0,275.9,298.65,298.65,target,1.4374,1437.38,closed,2026-07-24,2026-07-28
BACKTEST,2026-07-30,,1304833,ETERNAL,E1,"ETERNAL, daily: when RSI is between 60 and 80 → it tends to go UP over the next 20 days.",direct,stop1_tgt1.5,307.0,296.92,322.12,322.12,target,1.4391,1439.09,closed,2026-07-30,2026-08-14
BACKTEST,2026-08-18,,1304833,ETERNAL,E1,"ETERNAL, daily: when RSI is between 60 and 80 → it tends to go UP over the next 20 days.",direct,stop1_tgt1.5,318.0,309.51,330.74,330.74,target,1.4251,1425.09,closed,2026-08-18,2026-08-21
BACKTEST,2026-08-25,,1304833,ETERNAL,E1,"ETERNAL, daily: when RSI is between 60 and 80 → it tends to go UP over the next 20 days.",direct,stop1_tgt1.5,330.0,322.01,341.99,322.01,stop,-1.0826,-1082.58,closed,2026-08-25,2026-08-31
BACKTEST,2026-09-02,,1304833,ETERNAL,E1,"ETERNAL, daily: when RSI is between 60 and 80 → it tends to go UP over the next 20 days.",direct,stop1_tgt1.5,325.5,317.12,338.07,317.12,stop,-1.0777,-1077.7,closed,2026-09-02,2026-09-11
