engine,instrument,ts,side,mid_R,cross_R,status
1,2674433,2026-03-27,,-1.01625,-1.01625,kept
1,2674433,2026-04-02,,1.14825,1.14825,kept
1,2674433,2026-05-07,,0.1027,0.1027,kept
1,2674433,2026-05-20,,0.6899,0.6899,kept
1,2674433,2026-06-22,,0.70095,0.70095,kept
1,1510401,2026-08-12,,0.0457499999999999,0.0457499999999999,kept
1,1510401,2026-08-26,,0.1456,0.1456,kept
1,1510401,2026-09-01,,-0.48105,-0.48105,kept
1,2674433,2026-03-30,,1.1411000000000002,1.1411000000000002,kept
1,2674433,2026-04-30,,-1.019,-1.019,kept
1,2674433,2026-05-08,,0.5038,0.5038,kept
1,2674433,2026-05-22,,0.0021499999999999,0.0021499999999999,kept
1,2674433,2026-06-02,,1.00045,1.00045,kept
1,2674433,2026-06-23,,0.5290499999999999,0.5290499999999999,kept
1,2674433,2026-07-01,,0.781,0.781,kept
1,3663105,2026-08-05,,0.55335,0.55335,kept
1,3663105,2026-08-14,,-1.01635,-1.01635,kept
1,1215745,2026-05-11,,-1.01795,-1.01795,kept
1,1215745,2026-05-22,,-1.0163,-1.0163,kept
1,1215745,2026-05-29,,-1.0142,-1.0142,kept
1,1215745,2026-07-22,,0.8134499999999999,0.8134499999999999,kept
1,1215745,2026-08-06,,0.4782,0.4782,kept
1,5013761,2026-01-12,,-1.0141,-1.0141,kept
1,5013761,2026-01-20,,0.4213,0.4213,kept
1,5013761,2026-01-27,,0.8819,0.8819,kept
1,5013761,2026-03-18,,0.6592500000000001,0.6592500000000001,kept
1,5013761,2026-05-05,,-1.01505,-1.01505,kept
1,5013761,2026-05-11,,-1.0146,-1.0146,kept
1,5013761,2026-05-29,,0.6983499999999999,0.6983499999999999,kept
1,5013761,2026-06-29,,0.4703499999999999,0.4703499999999999,kept
1,5013761,2026-07-10,,0.51845,0.51845,kept
1,5013761,2026-07-23,,0.3932,0.3932,kept
1,5013761,2026-08-04,,0.4087499999999999,0.4087499999999999,kept
1,5013761,2026-08-12,,0.7709,0.7709,kept
1,5013761,2026-08-31,,0.6440499999999999,0.6440499999999999,kept
1,5533185,2026-02-02,,0.4656,0.4656,kept
1,5533185,2026-05-11,,-0.16055,-0.16055,kept
1,5533185,2026-08-07,,-0.2886,-0.2886,kept
1,5533185,2026-02-02,,0.45625,0.45625,kept
1,5533185,2026-05-11,,-0.1573,-0.1573,kept
1,5533185,2026-08-07,,-0.2828,-0.2828,kept
1,1510401,2026-08-12,,0.0484999999999999,0.0484999999999999,kept
1,1510401,2026-08-26,,0.15455,0.15455,kept
1,1510401,2026-09-01,,-0.51055,-0.51055,kept
1,5552641,2026-01-12,,0.7173,0.7173,kept
1,5552641,2026-01-22,,0.41835,0.41835,kept
1,5552641,2026-02-02,,-1.0084499999999998,-1.0084499999999998,kept
1,5552641,2026-02-24,,0.0315,0.0315,kept
1,5552641,2026-03-04,,-1.0097,-1.0097,kept
1,5552641,2026-05-13,,-1.0104,-1.0104,kept
1,5552641,2026-09-11,,-0.197,-0.197,kept
1,140033,2026-05-21,,-1.0187000000000002,-1.0187000000000002,kept
1,140033,2026-06-05,,0.1031499999999999,0.1031499999999999,kept
1,140033,2026-06-15,,0.6043999999999999,0.6043999999999999,kept
1,140033,2026-07-10,,0.1529,0.1529,kept
1,140033,2026-07-27,,0.4867999999999999,0.4867999999999999,kept
1,140033,2026-08-04,,0.42295,0.42295,kept
1,140033,2026-09-03,,-0.55535,-0.55535,kept
1,5582849,2026-04-06,,1.57665,1.57665,kept
1,5582849,2026-04-27,,1.0293,1.0293,kept
1,5582849,2026-06-03,,-1.03415,-1.03415,kept
1,5582849,2026-06-12,,0.91735,0.91735,kept
1,5582849,2026-06-25,,0.9428,0.9428,kept
1,5582849,2026-08-17,,-1.0372,-1.0372,kept
1,5582849,2026-09-03,,0.71225,0.71225,kept
1,5582849,2026-09-09,,-0.1952,-0.1952,kept
1,738561,2026-03-04,,0.605,0.605,kept
1,738561,2026-03-30,,0.1458499999999999,0.1458499999999999,kept
1,738561,2026-04-07,,0.3407,0.3407,kept
1,738561,2026-04-16,,0.4775999999999999,0.4775999999999999,kept
1,738561,2026-05-13,,-1.01385,-1.01385,kept
1,738561,2026-06-10,,0.4484999999999999,0.4484999999999999,kept
1,738561,2026-06-23,,-0.5881500000000001,-0.5881500000000001,kept
1,738561,2026-07-28,,0.3648,0.3648,kept
1,738561,2026-08-07,,0.11,0.11,kept
1,2585345,2026-03-16,,0.0209,0.0209,kept
1,2585345,2026-03-23,,0.1239499999999999,0.1239499999999999,kept
1,2585345,2026-04-01,,0.7302,0.7302,kept
1,2585345,2026-04-13,,0.79335,0.79335,kept
1,2585345,2026-04-28,,0.00285,0.00285,kept
1,2585345,2026-05-11,,-0.4162,-0.4162,kept
1,2585345,2026-06-11,,0.0082999999999999,0.0082999999999999,kept
1,2585345,2026-06-18,,0.93245,0.93245,kept
1,2585345,2026-07-09,,0.0287999999999999,0.0287999999999999,kept
1,2585345,2026-07-15,,0.0399,0.0399,kept
1,2585345,2026-08-13,,0.05745,0.05745,kept
1,2585345,2026-08-31,,-1.01895,-1.01895,kept
1,2585345,2026-09-07,,-0.3021,-0.3021,kept
1,175361,2026-03-20,,-1.01025,-1.01025,kept
1,175361,2026-05-08,,-1.0117,-1.0117,kept
1,175361,2026-05-19,,0.3970999999999999,0.3970999999999999,kept
1,175361,2026-06-25,,0.1251499999999999,0.1251499999999999,kept
1,175361,2026-03-18,,-1.01015,-1.01015,kept
1,175361,2026-05-07,,-1.01125,-1.01125,kept
1,175361,2026-05-14,,-0.1037,-0.1037,kept
1,175361,2026-06-19,,0.5663,0.5663,kept
1,2457345,2026-04-13,,0.0137,0.0137,kept
1,2457345,2026-04-29,,0.14735,0.14735,kept
1,2457345,2026-05-08,,0.54585,0.54585,kept
1,2457345,2026-06-23,,0.61555,0.61555,kept
1,2457345,2026-07-01,,-1.0183,-1.0183,kept
1,2457345,2026-07-06,,1.0356,1.0356,kept
1,2457345,2026-08-03,,0.5809,0.5809,kept
1,2457345,2026-08-11,,0.82395,0.82395,kept
1,2457345,2026-04-13,,0.01345,0.01345,kept
1,2457345,2026-04-29,,0.1441,0.1441,kept
1,2457345,2026-05-08,,0.5339,0.5339,kept
1,2457345,2026-05-19,,0.6216999999999999,0.6216999999999999,kept
1,2457345,2026-06-09,,-1.0183,-1.0183,kept
1,2457345,2026-06-29,,-1.017,-1.017,kept
1,2457345,2026-07-03,,1.0208,1.0208,kept
1,2457345,2026-07-30,,0.1474,0.1474,kept
1,2457345,2026-08-13,,0.6015,0.6015,kept
1,2457345,2026-08-31,,0.5534500000000001,0.5534500000000001,kept
1,2457345,2026-09-07,,0.77605,0.77605,kept
1,2952193,2026-05-14,,-1.0206499999999998,-1.0206499999999998,kept
1,2952193,2026-06-05,,0.5871500000000001,0.5871500000000001,kept
1,2952193,2026-06-19,,0.50015,0.50015,kept
1,2952193,2026-08-21,,0.15105,0.15105,kept
1,2952193,2026-09-01,,-1.03125,-1.03125,kept
1,2952193,2026-03-10,,-1.0155999999999998,-1.0155999999999998,kept
1,2952193,2026-03-17,,0.4983999999999999,0.4983999999999999,kept
1,2952193,2026-04-30,,0.3971,0.3971,kept
1,2952193,2026-05-12,,-1.0165,-1.0165,kept
1,2952193,2026-06-04,,0.4838499999999999,0.4838499999999999,kept
1,2952193,2026-06-22,,0.1013999999999999,0.1013999999999999,kept
1,2952193,2026-07-01,,0.5033,0.5033,kept
1,2952193,2026-07-10,,0.1518,0.1518,kept
1,2952193,2026-08-19,,0.394,0.394,kept
1,2952193,2026-09-01,,-1.0244,-1.0244,kept
1,2952193,2026-09-11,,0.2866,0.2866,kept
1,5436929,2026-03-02,,0.95945,0.95945,kept
1,5436929,2026-03-11,,-1.01745,-1.01745,kept
1,5436929,2026-03-17,,0.26315,0.26315,kept
1,5436929,2026-03-23,,0.059,0.059,kept
1,5436929,2026-04-07,,1.10595,1.10595,kept
1,5436929,2026-05-19,,0.58015,0.58015,kept
1,5436929,2026-06-02,,1.0570500000000005,1.0570500000000005,kept
1,5436929,2026-07-22,,0.8296,0.8296,kept
1,2585345,2026-03-06,,-1.01685,-1.01685,kept
1,2585345,2026-03-16,,0.0195499999999999,0.0195499999999999,kept
1,2585345,2026-03-23,,0.1162999999999999,0.1162999999999999,kept
1,2585345,2026-04-01,,0.68465,0.68465,kept
1,2585345,2026-04-13,,0.7438,0.7438,kept
1,2585345,2026-04-28,,0.0026499999999999,0.0026499999999999,kept
1,2585345,2026-05-11,,-0.3902,-0.3902,kept
1,2585345,2026-06-11,,0.0076999999999999,0.0076999999999999,kept
1,2585345,2026-06-18,,0.8742,0.8742,kept
1,2585345,2026-08-11,,-1.0174,-1.0174,kept
1,2585345,2026-08-14,,-1.0127000000000002,-1.0127000000000002,kept
1,2585345,2026-09-07,,-0.28325,-0.28325,kept
1,140033,2026-04-01,,0.09625,0.09625,kept
1,140033,2026-04-13,,0.12245,0.12245,kept
1,140033,2026-05-11,,-1.01765,-1.01765,kept
1,140033,2026-06-02,,-0.01995,-0.01995,kept
1,140033,2026-06-15,,0.6668000000000001,0.6668000000000001,kept
1,140033,2026-07-10,,0.16865,0.16865,kept
1,140033,2026-07-27,,0.53705,0.53705,kept
1,140033,2026-08-24,,-1.02445,-1.02445,kept
1,140033,2026-09-03,,-0.6127499999999999,-0.6127499999999999,kept
1,2127617,2026-01-22,,-0.001,-0.001,kept
1,2127617,2026-03-24,,0.6679499999999999,0.6679499999999999,kept
1,2127617,2026-04-01,,-1.0149,-1.0149,kept
1,2127617,2026-04-07,,1.6175,1.6175,kept
1,2127617,2026-05-12,,-1.01585,-1.01585,kept
1,2127617,2026-06-03,,0.2272,0.2272,kept
1,2127617,2026-06-09,,1.0294,1.0294,kept
1,2127617,2026-06-23,,-1.0203,-1.0203,kept
1,2127617,2026-07-06,,1.4117499999999998,1.4117499999999998,kept
1,2127617,2026-07-23,,0.28525,0.28525,kept
1,2127617,2026-08-07,,-1.01835,-1.01835,kept
1,2127617,2026-08-14,,-1.01865,-1.01865,kept
1,2127617,2026-09-11,,0.89055,0.89055,kept
1,1304833,2026-04-22,,-0.65035,-0.65035,kept
1,1304833,2026-06-22,,0.85715,0.85715,kept
1,1304833,2026-07-13,,0.0713,0.0713,kept
1,1304833,2026-07-20,,0.10725,0.10725,kept
1,1304833,2026-07-28,,0.4948499999999999,0.4948499999999999,kept
1,1304833,2026-08-03,,0.3927,0.3927,kept
1,1304833,2026-08-12,,0.1513,0.1513,kept
1,1304833,2026-09-02,,-0.14195,-0.14195,kept
1,1304833,2026-03-12,,0.5085,0.5085,kept
1,1304833,2026-03-23,,0.385,0.385,kept
1,1304833,2026-04-01,,0.12875,0.12875,kept
1,1304833,2026-07-10,,0.56005,0.56005,kept
1,1304833,2026-08-03,,0.38315,0.38315,kept
1,1304833,2026-08-12,,0.14765,0.14765,kept
1,1304833,2026-09-02,,-0.13855,-0.13855,kept
1,5506049,2026-02-01,,-1.0118,-1.0118,kept
1,5506049,2026-04-10,,1.0686,1.0686,kept
1,5506049,2026-05-05,,0.4798,0.4798,kept
1,5506049,2026-06-18,,-0.8236,-0.8236,kept
1,5506049,2026-08-04,,0.5868000000000001,0.5868000000000001,kept
1,5506049,2026-08-13,,0.5268,0.5268,kept
1,5506049,2026-09-10,,-1.01675,-1.01675,kept
1,1304833,2026-08-17,,0.3992,0.3992,kept
1,1304833,2026-09-02,,-0.1408,-0.1408,kept
1,424961,2026-01-12,,-1.0224,-1.0224,kept
1,424961,2026-01-27,,-1.02345,-1.02345,kept
1,424961,2026-02-03,,0.5472499999999999,0.5472499999999999,kept
1,424961,2026-02-12,,0.5829500000000001,0.5829500000000001,kept
1,492033,2026-01-28,,0.32725,0.32725,kept
1,492033,2026-02-06,,0.4566,0.4566,kept
1,492033,2026-02-16,,0.13315,0.13315,kept
1,492033,2026-03-02,,-1.0149,-1.0149,kept
1,492033,2026-03-13,,0.18885,0.18885,kept
1,492033,2026-04-23,,0.3312,0.3312,kept
1,492033,2026-05-05,,0.1317,0.1317,kept
1,492033,2026-06-01,,0.5126,0.5126,kept
1,2815745,2026-02-20,,-1.0185499999999998,-1.0185499999999998,kept
1,2815745,2026-03-06,,-1.01735,-1.01735,kept
1,2815745,2026-03-11,,-1.0154,-1.0154,kept
1,2815745,2026-03-17,,0.6148,0.6148,kept
1,2815745,2026-04-16,,0.15385,0.15385,kept
1,2815745,2026-05-07,,-1.0154999999999998,-1.0154999999999998,kept
1,2815745,2026-06-29,,0.69525,0.69525,kept
1,2815745,2026-07-10,,0.4365,0.4365,kept
1,2815745,2026-08-05,,-1.02005,-1.02005,kept
1,348929,2026-01-21,,0.5796000000000001,0.5796000000000001,kept
1,348929,2026-02-01,,0.4535,0.4535,kept
1,348929,2026-02-10,,-1.01165,-1.01165,kept
1,348929,2026-03-10,,-1.0116,-1.0116,kept
1,348929,2026-04-07,,0.77555,0.77555,kept
1,348929,2026-05-07,,0.47215,0.47215,kept
1,348929,2026-07-31,,0.6417999999999999,0.6417999999999999,kept
1,348929,2026-08-20,,-1.0173,-1.0173,kept
1,197633,2026-03-19,,-1.0164,-1.0164,kept
1,197633,2026-03-25,,0.01025,0.01025,kept
1,197633,2026-04-16,,0.58535,0.58535,kept
1,197633,2026-04-28,,0.73415,0.73415,kept
1,197633,2026-05-13,,-1.0163,-1.0163,kept
1,197633,2026-05-22,,-1.0158,-1.0158,kept
1,197633,2026-06-05,,0.0370999999999999,0.0370999999999999,kept
1,197633,2026-06-15,,0.4537,0.4537,kept
1,197633,2026-07-08,,-1.01995,-1.01995,kept
1,197633,2026-07-20,,0.05585,0.05585,kept
1,197633,2026-07-31,,-1.01985,-1.01985,kept
1,197633,2026-08-06,,-1.0184,-1.0184,kept
1,197633,2026-08-27,,-1.02635,-1.02635,kept
1,356865,2026-03-09,,-1.01825,-1.01825,kept
1,356865,2026-03-23,,0.4753499999999999,0.4753499999999999,kept
1,356865,2026-04-01,,0.15025,0.15025,kept
1,356865,2026-06-01,,0.07245,0.07245,kept
1,356865,2026-06-25,,0.4567,0.4567,kept
1,356865,2026-07-08,,-1.0214,-1.0214,kept
1,356865,2026-07-17,,0.50125,0.50125,kept
1,356865,2026-07-30,,-0.8729000000000001,-0.8729000000000001,kept
1,356865,2026-08-31,,-0.9027,-0.9027,kept
1,3691009,2026-01-21,,-0.0133999999999999,-0.0133999999999999,kept
1,3691009,2026-05-21,,0.7084,0.7084,kept
1,3691009,2026-07-23,,0.5871500000000001,0.5871500000000001,kept
1,3691009,2026-08-06,,1.0568,1.0568,kept
1,2813441,2026-03-04,,0.5720500000000001,0.5720500000000001,kept
1,2813441,2026-05-27,,0.66855,0.66855,kept
1,2813441,2026-06-30,,0.05665,0.05665,kept
1,2813441,2026-08-04,,0.07555,0.07555,kept
1,2813441,2026-08-10,,0.5072,0.5072,kept
1,2813441,2026-08-25,,-0.8497,-0.8497,kept
1,2977281,2026-01-12,,-1.02175,-1.02175,kept
1,2977281,2026-07-16,,0.07475,0.07475,kept
1,2977281,2026-08-17,,0.0108999999999999,0.0108999999999999,kept
1,2977281,2026-08-24,,0.64375,0.64375,kept
1,2813441,2026-03-04,,0.5708,0.5708,kept
1,2813441,2026-05-27,,0.6671,0.6671,kept
1,2813441,2026-06-30,,0.05655,0.05655,kept
1,2813441,2026-08-04,,0.0754,0.0754,kept
1,2813441,2026-08-10,,0.50605,0.50605,kept
1,2813441,2026-08-25,,-0.84795,-0.84795,kept
1,558337,2026-04-07,,0.7800999999999999,0.7800999999999999,kept
1,558337,2026-04-16,,0.06405,0.06405,kept
1,558337,2026-06-15,,0.39435,0.39435,kept
1,558337,2026-07-03,,0.02155,0.02155,kept
1,558337,2026-08-11,,1.0258500000000002,1.0258500000000002,kept
1,558337,2026-08-24,,0.0234,0.0234,kept
1,2585345,2026-01-28,,0.10855,0.10855,kept
1,2585345,2026-02-18,,-1.01995,-1.01995,kept
1,130305,2026-02-13,,0.711,0.711,kept
1,130305,2026-03-27,,0.49175,0.49175,kept
1,130305,2026-05-12,,0.07865,0.07865,kept
1,130305,2026-05-21,,0.40425,0.40425,kept
1,130305,2026-07-13,,0.51305,0.51305,kept
1,130305,2026-09-01,,0.7496499999999999,0.7496499999999999,kept
1,5582849,2026-03-17,,0.27595,0.27595,kept
1,5582849,2026-03-23,,0.2916,0.2916,kept
1,5582849,2026-04-16,,-1.0106,-1.0106,kept
1,2977281,2026-01-16,,0.52105,0.52105,kept
1,2977281,2026-07-20,,0.0359499999999999,0.0359499999999999,kept
1,2977281,2026-08-17,,0.0104,0.0104,kept
1,2977281,2026-08-24,,0.6174999999999999,0.6174999999999999,kept
1,2977281,2026-01-12,,-1.02505,-1.02505,kept
1,2977281,2026-06-18,,0.4491,0.4491,kept
1,2977281,2026-07-20,,0.04325,0.04325,kept
1,1304833,2026-06-23,,0.09465,0.09465,kept
1,1304833,2026-07-02,,-1.01055,-1.01055,kept
1,2977281,2026-03-24,,-1.02005,-1.02005,kept
1,2977281,2026-04-07,,0.59205,0.59205,kept
1,2977281,2026-05-14,,-1.0212,-1.0212,kept
1,2977281,2026-06-04,,-1.0195,-1.0195,kept
1,2815745,2026-03-23,,-1.01635,-1.01635,kept
1,3930881,2026-08-24,,-0.69875,-0.69875,kept
1,5436929,2026-01-20,,-1.0224,-1.0224,kept
1,5436929,2026-02-17,,-1.019,-1.019,kept
1,5436929,2026-04-10,,0.9068,0.9068,kept
1,5436929,2026-06-16,,0.0571,0.0571,kept
1,5436929,2026-07-03,,-1.01865,-1.01865,kept
1,5436929,2026-08-07,,0.6115,0.6115,kept
1,348929,2026-01-14,,0.07935,0.07935,kept
1,348929,2026-01-22,,0.4183,0.4183,kept
1,348929,2026-02-27,,0.36965,0.36965,kept
1,348929,2026-03-11,,-1.01115,-1.01115,kept
1,348929,2026-04-07,,0.7386999999999999,0.7386999999999999,kept
1,348929,2026-05-07,,0.4497,0.4497,kept
1,348929,2026-05-21,,0.4198,0.4198,kept
1,348929,2026-06-04,,-1.01335,-1.01335,kept
1,348929,2026-08-03,,0.5209,0.5209,kept
1,348929,2026-08-14,,0.00985,0.00985,kept
1,5552641,2026-08-14,,-1.02615,-1.02615,kept
1,5552641,2026-08-21,,0.1046,0.1046,kept
1,5552641,2026-08-28,,1.85665,1.85665,kept
1,519937,2026-01-13,,-1.0205,-1.0205,kept
1,519937,2026-07-16,,0.4146,0.4146,kept
1,519937,2026-07-28,,0.10195,0.10195,kept
1,519937,2026-08-14,,-1.01705,-1.01705,kept
1,519937,2026-09-03,,-0.4613,-0.4613,kept
1,3691009,2026-07-15,,0.71845,0.71845,kept
1,3691009,2026-08-07,,0.9234,0.9234,kept
1,3691009,2026-08-06,,0.9412,0.9412,kept
1,3329,2026-09-01,,-0.7028,-0.7028,kept
1,2674433,2026-07-13,,-1.0207,-1.0207,kept
1,2455041,2026-04-02,,1.41855,1.41855,kept
1,1102337,2026-03-04,,-1.01725,-1.01725,kept
1,1102337,2026-03-11,,-1.01325,-1.01325,kept
1,1102337,2026-03-18,,-1.0129,-1.0129,kept
1,1102337,2026-03-24,,0.17335,0.17335,kept
1,1102337,2026-04-01,,0.7888999999999999,0.7888999999999999,kept
1,1102337,2026-04-13,,0.17135,0.17135,kept
1,1102337,2026-04-27,,-1.013,-1.013,kept
1,1102337,2026-05-05,,0.5669,0.5669,kept
1,1102337,2026-06-15,,0.7881,0.7881,kept
1,1102337,2026-03-05,,-1.0153,-1.0153,kept
1,1102337,2026-03-11,,-1.01275,-1.01275,kept
1,1102337,2026-03-18,,-1.0124,-1.0124,kept
1,1102337,2026-03-24,,0.1679,0.1679,kept
1,1102337,2026-04-01,,0.764,0.764,kept
1,1102337,2026-04-13,,0.16595,0.16595,kept
1,1102337,2026-04-27,,-1.0125499999999998,-1.0125499999999998,kept
1,1102337,2026-05-05,,0.54885,0.54885,kept
1,1102337,2026-06-15,,0.7632,0.7632,kept
1,2962689,2026-03-06,,0.1144,0.1144,kept
1,2962689,2026-03-25,,-1.0092,-1.0092,kept
1,2962689,2026-04-02,,0.7237499999999999,0.7237499999999999,kept
1,2962689,2026-04-22,,-1.0108,-1.0108,kept
1,415745,2026-03-25,,0.27325,0.27325,kept
1,415745,2026-03-23,,0.136,0.136,kept
1,558337,2026-02-05,,-1.01975,-1.01975,kept
1,558337,2026-02-24,,0.81755,0.81755,kept
1,558337,2026-03-02,,-1.0223,-1.0223,kept
1,558337,2026-05-04,,0.87445,0.87445,kept
1,558337,2026-05-21,,-1.02095,-1.02095,kept
1,558337,2026-05-26,,0.1606,0.1606,kept
1,558337,2026-06-03,,1.13885,1.13885,kept
1,60417,2026-03-18,,0.4121,0.4121,kept
1,60417,2026-04-13,,0.9003500000000001,0.9003500000000001,kept
1,60417,2026-03-16,,0.1419,0.1419,kept
1,60417,2026-03-23,,0.4501,0.4501,kept
1,60417,2026-04-01,,0.4236,0.4236,kept
1,60417,2026-04-13,,0.91105,0.91105,kept
1,2674433,2026-03-27,,-1.01505,-1.01505,kept
1,2674433,2026-04-02,,1.0698500000000002,1.0698500000000002,kept
1,2674433,2026-05-07,,0.0957,0.0957,kept
1,2674433,2026-05-20,,0.52965,0.52965,kept
1,2674433,2026-06-23,,0.48325,0.48325,kept
1,1510401,2026-08-12,,0.04185,0.04185,kept
1,1510401,2026-08-26,,0.13345,0.13345,kept
1,1510401,2026-09-01,,-0.4409999999999999,-0.4409999999999999,kept
1,2674433,2026-03-30,,1.03225,1.03225,kept
1,2674433,2026-04-30,,-1.0171,-1.0171,kept
1,2674433,2026-05-08,,0.4557,0.4557,kept
1,2674433,2026-05-22,,0.00195,0.00195,kept
1,2674433,2026-06-02,,0.90505,0.90505,kept
1,2674433,2026-06-23,,0.47865,0.47865,kept
1,2674433,2026-07-01,,0.70655,0.70655,kept
1,3663105,2026-08-05,,0.4639,0.4639,kept
1,3663105,2026-08-14,,-0.5797500000000001,-0.5797500000000001,kept
1,1215745,2026-05-11,,-1.0166,-1.0166,kept
1,1215745,2026-05-22,,-1.01535,-1.01535,kept
1,1215745,2026-05-29,,0.1077,0.1077,kept
1,1215745,2026-07-22,,0.7550500000000001,0.7550500000000001,kept
1,1215745,2026-08-06,,0.4439,0.4439,kept
1,5013761,2026-05-29,,0.5768500000000001,0.5768500000000001,kept
1,5013761,2026-06-29,,0.3884499999999999,0.3884499999999999,kept
1,5013761,2026-07-10,,0.4282,0.4282,kept
1,5013761,2026-07-23,,0.32485,0.32485,kept
1,5013761,2026-08-04,,0.3374999999999999,0.3374999999999999,kept
1,5013761,2026-08-12,,0.6368,0.6368,kept
1,5013761,2026-08-31,,0.53195,0.53195,kept
1,5533185,2026-02-02,,0.45535,0.45535,kept
1,5533185,2026-05-11,,0.4469,0.4469,kept
1,5533185,2026-08-07,,-0.5529,-0.5529,kept
1,5533185,2026-02-02,,0.45065,0.45065,kept
1,5533185,2026-05-11,,0.4422999999999999,0.4422999999999999,kept
1,5533185,2026-08-07,,-0.5470999999999999,-0.5470999999999999,kept
1,1510401,2026-08-12,,0.0437999999999999,0.0437999999999999,kept
1,1510401,2026-08-26,,0.1394,0.1394,kept
1,1510401,2026-09-01,,-0.4606999999999999,-0.4606999999999999,kept
1,5552641,2026-02-01,,0.0088999999999999,0.0088999999999999,kept
1,5552641,2026-02-24,,0.0361999999999999,0.0361999999999999,kept
1,140033,2026-05-21,,0.28945,0.28945,kept
1,140033,2026-07-22,,0.0186999999999999,0.0186999999999999,kept
1,140033,2026-08-03,,0.49165,0.49165,kept
1,140033,2026-09-03,,-0.4669999999999999,-0.4669999999999999,kept
1,5582849,2026-04-06,,1.56975,1.56975,kept
1,5582849,2026-04-27,,1.0248,1.0248,kept
1,5582849,2026-06-03,,-1.0339,-1.0339,kept
1,5582849,2026-06-12,,0.9134,0.9134,kept
1,5582849,2026-06-25,,0.93865,0.93865,kept
1,5582849,2026-08-17,,-1.03705,-1.03705,kept
1,5582849,2026-09-03,,0.7090500000000001,0.7090500000000001,kept
1,5582849,2026-09-09,,-0.19435,-0.19435,kept
1,738561,2026-03-04,,0.3577999999999999,0.3577999999999999,kept
1,738561,2026-03-30,,0.0862,0.0862,kept
1,738561,2026-04-07,,0.20145,0.20145,kept
1,738561,2026-04-16,,0.28245,0.28245,kept
1,738561,2026-05-13,,-0.3193,-0.3193,kept
1,738561,2026-07-14,,0.2781,0.2781,kept
1,738561,2026-07-23,,0.0632,0.0632,kept
1,2585345,2026-03-16,,0.0141,0.0141,kept
1,2585345,2026-03-23,,0.0836,0.0836,kept
1,2585345,2026-04-01,,0.49255,0.49255,kept
1,2585345,2026-04-13,,0.53515,0.53515,kept
1,2585345,2026-04-28,,0.0018999999999999,0.0018999999999999,kept
1,2585345,2026-05-11,,0.40975,0.40975,kept
1,2585345,2026-07-10,,-1.0127000000000002,-1.0127000000000002,kept
1,2585345,2026-08-14,,-0.7542,-0.7542,kept
1,175361,2026-03-20,,-1.0093,-1.0093,kept
1,175361,2026-05-08,,-1.01065,-1.01065,kept
1,175361,2026-05-19,,0.36055,0.36055,kept
1,175361,2026-06-25,,0.11365,0.11365,kept
1,175361,2026-03-18,,-1.0093,-1.0093,kept
1,175361,2026-05-07,,-1.0104499999999998,-1.0104499999999998,kept
1,175361,2026-05-14,,1.00505,1.00505,kept
1,2457345,2026-04-13,,0.0104999999999999,0.0104999999999999,kept
1,2457345,2026-04-29,,0.11285,0.11285,kept
1,2457345,2026-05-08,,0.418,0.418,kept
1,2457345,2026-06-23,,0.4712499999999999,0.4712499999999999,kept
1,2457345,2026-07-01,,-1.01395,-1.01395,kept
1,2457345,2026-07-06,,0.7929499999999999,0.7929499999999999,kept
1,2457345,2026-08-03,,0.4448,0.4448,kept
1,2457345,2026-08-11,,0.6309,0.6309,kept
1,2457345,2026-04-13,,0.0101999999999999,0.0101999999999999,kept
1,2457345,2026-04-29,,0.11035,0.11035,kept
1,2457345,2026-05-08,,0.4089,0.4089,kept
1,2457345,2026-05-19,,0.4761,0.4761,kept
1,2457345,2026-06-09,,-1.01385,-1.01385,kept
1,2457345,2026-06-24,,0.06605,0.06605,kept
1,2457345,2026-07-02,,0.7484500000000001,0.7484500000000001,kept
1,2457345,2026-07-30,,0.11295,0.11295,kept
1,2457345,2026-08-13,,0.4606499999999999,0.4606499999999999,kept
1,2457345,2026-08-31,,0.4238,0.4238,kept
1,2457345,2026-09-07,,0.5942999999999999,0.5942999999999999,kept
1,2952193,2026-05-14,,-1.02005,-1.02005,kept
1,2952193,2026-06-05,,0.56975,0.56975,kept
1,2952193,2026-06-19,,0.4853,0.4853,kept
1,2952193,2026-08-21,,0.1465999999999999,0.1465999999999999,kept
1,2952193,2026-09-01,,-1.0303,-1.0303,kept
1,2952193,2026-03-10,,-1.0117,-1.0117,kept
1,2952193,2026-03-17,,0.37305,0.37305,kept
1,2952193,2026-04-30,,0.2973,0.2973,kept
1,2952193,2026-05-12,,-1.01235,-1.01235,kept
1,2952193,2026-06-10,,0.45995,0.45995,kept
1,2952193,2026-06-19,,0.2924,0.2924,kept
1,2952193,2026-07-01,,0.3767999999999999,0.3767999999999999,kept
1,2952193,2026-07-10,,0.11365,0.11365,kept
1,2952193,2026-08-19,,0.29495,0.29495,kept
1,2952193,2026-09-01,,-1.01825,-1.01825,kept
1,5436929,2026-03-02,,0.33705,0.33705,kept
1,5436929,2026-03-11,,0.2032,0.2032,kept
1,5436929,2026-05-19,,0.2038,0.2038,kept
1,5436929,2026-06-02,,0.37135,0.37135,kept
1,5436929,2026-07-22,,0.2914,0.2914,kept
1,2585345,2026-03-06,,-1.0123,-1.0123,kept
1,2585345,2026-03-17,,0.1191,0.1191,kept
1,2585345,2026-04-13,,0.53975,0.53975,kept
1,2585345,2026-04-28,,0.0019,0.0019,kept
1,2585345,2026-05-11,,0.4132,0.4132,kept
1,2585345,2026-08-11,,-1.0127000000000002,-1.0127000000000002,kept
1,2585345,2026-08-14,,-0.7606,-0.7606,kept
1,140033,2026-04-01,,0.0836,0.0836,kept
1,140033,2026-04-13,,0.1064,0.1064,kept
1,140033,2026-05-11,,-1.0153,-1.0153,kept
1,140033,2026-06-03,,0.40845,0.40845,kept
1,140033,2026-07-01,,0.86865,0.86865,kept
1,140033,2026-07-10,,0.1465,0.1465,kept
1,140033,2026-07-27,,0.4664,0.4664,kept
1,140033,2026-08-24,,-1.02125,-1.02125,kept
1,140033,2026-09-04,,-0.6457999999999999,-0.6457999999999999,kept
1,2127617,2026-01-22,,-0.00085,-0.00085,kept
1,2127617,2026-03-24,,0.58545,0.58545,kept
1,2127617,2026-04-01,,-1.01305,-1.01305,kept
1,2127617,2026-04-07,,1.41745,1.41745,kept
1,2127617,2026-05-12,,-1.0139,-1.0139,kept
1,2127617,2026-06-04,,0.79255,0.79255,kept
1,2127617,2026-06-23,,-1.01785,-1.01785,kept
1,2127617,2026-07-07,,1.1295499999999998,1.1295499999999998,kept
1,2127617,2026-07-23,,0.25,0.25,kept
1,2127617,2026-08-07,,-1.0161,-1.0161,kept
1,2127617,2026-09-02,,0.91885,0.91885,kept
1,1304833,2026-04-22,,0.24105,0.24105,kept
1,1304833,2026-06-23,,0.6098000000000001,0.6098000000000001,kept
1,1304833,2026-07-08,,0.3268999999999999,0.3268999999999999,kept
1,1304833,2026-07-14,,0.3455,0.3455,kept
1,1304833,2026-07-20,,0.0934,0.0934,kept
1,1304833,2026-07-28,,0.43115,0.43115,kept
1,1304833,2026-08-03,,0.34215,0.34215,kept
1,1304833,2026-08-12,,0.13185,0.13185,kept
1,1304833,2026-09-02,,-0.1237,-0.1237,kept
1,1304833,2026-03-12,,0.4281,0.4281,kept
1,1304833,2026-03-23,,0.3240999999999999,0.3240999999999999,kept
1,1304833,2026-04-01,,0.1084,0.1084,kept
1,1304833,2026-07-10,,0.47145,0.47145,kept
1,1304833,2026-08-03,,0.3225499999999999,0.3225499999999999,kept
1,1304833,2026-08-12,,0.12425,0.12425,kept
1,1304833,2026-09-02,,-0.11665,-0.11665,kept
1,5506049,2026-02-01,,-1.0093,-1.0093,kept
1,5506049,2026-04-10,,0.8500000000000001,0.8500000000000001,kept
1,5506049,2026-05-05,,0.3817,0.3817,kept
1,5506049,2026-06-18,,-0.1326,-0.1326,kept
1,5506049,2026-08-19,,0.396,0.396,kept
1,5506049,2026-09-10,,-1.0134,-1.0134,kept
1,1304833,2026-08-17,,0.2599,0.2599,kept
1,1304833,2026-09-02,,-0.0917,-0.0917,kept
1,424961,2026-01-12,,-1.01925,-1.01925,kept
1,424961,2026-01-29,,-1.0208500000000005,-1.0208500000000005,kept
1,424961,2026-02-03,,0.47015,0.47015,kept
1,424961,2026-02-12,,0.5007999999999999,0.5007999999999999,kept
1,492033,2026-01-28,,0.32265,0.32265,kept
1,492033,2026-02-06,,0.4502,0.4502,kept
1,492033,2026-02-16,,0.1312499999999999,0.1312499999999999,kept
1,492033,2026-03-02,,-1.0145,-1.0145,kept
1,492033,2026-03-13,,0.139,0.139,kept
1,492033,2026-04-23,,0.32655,0.32655,kept
1,492033,2026-05-05,,0.12985,0.12985,kept
1,492033,2026-06-01,,0.50545,0.50545,kept
1,2815745,2026-02-20,,-1.0135999999999998,-1.0135999999999998,kept
1,2815745,2026-03-06,,-1.0127,-1.0127,kept
1,2815745,2026-03-16,,0.3157,0.3157,kept
1,2815745,2026-03-23,,-0.0068999999999999,-0.0068999999999999,kept
1,2815745,2026-04-13,,0.11645,0.11645,kept
1,2815745,2026-05-07,,0.54005,0.54005,kept
1,2815745,2026-07-08,,-1.01435,-1.01435,kept
1,2815745,2026-07-17,,0.36605,0.36605,kept
1,2815745,2026-08-05,,-1.0147,-1.0147,kept
1,348929,2026-01-21,,0.5224,0.5224,kept
1,348929,2026-02-01,,0.4087,0.4087,kept
1,348929,2026-02-10,,-1.0105,-1.0105,kept
1,348929,2026-04-07,,0.69895,0.69895,kept
1,348929,2026-05-07,,0.42555,0.42555,kept
1,348929,2026-07-31,,0.5784499999999999,0.5784499999999999,kept
1,348929,2026-08-20,,-1.0157000000000005,-1.0157000000000005,kept
1,197633,2026-03-19,,-1.0142,-1.0142,kept
1,197633,2026-03-25,,0.00885,0.00885,kept
1,197633,2026-04-16,,0.50575,0.50575,kept
1,197633,2026-04-28,,0.6344,0.6344,kept
1,197633,2026-05-13,,-1.014,-1.014,kept
1,197633,2026-05-22,,-1.01345,-1.01345,kept
1,197633,2026-06-08,,0.36085,0.36085,kept
1,197633,2026-06-15,,0.3921,0.3921,kept
1,197633,2026-07-08,,-1.01705,-1.01705,kept
1,197633,2026-07-21,,0.08485,0.08485,kept
1,197633,2026-07-31,,-1.0172,-1.0172,kept
1,197633,2026-08-19,,-1.0206,-1.0206,kept
1,197633,2026-09-01,,-0.4848,-0.4848,kept
1,356865,2026-03-09,,-1.01505,-1.01505,kept
1,356865,2026-03-25,,0.3864,0.3864,kept
1,356865,2026-06-01,,0.0596999999999999,0.0596999999999999,kept
1,356865,2026-06-25,,0.37655,0.37655,kept
1,356865,2026-07-08,,-1.0177500000000002,-1.0177500000000002,kept
1,356865,2026-07-30,,-1.01385,-1.01385,kept
1,356865,2026-09-04,,-0.3981,-0.3981,kept
1,3691009,2026-01-21,,-0.0108,-0.0108,kept
1,3691009,2026-05-21,,0.57115,0.57115,kept
1,3691009,2026-07-23,,0.47335,0.47335,kept
1,3691009,2026-08-06,,0.85205,0.85205,kept
1,2813441,2026-03-04,,0.5474500000000001,0.5474500000000001,kept
1,2813441,2026-05-27,,0.7383000000000001,0.7383000000000001,kept
1,2813441,2026-08-04,,0.0723,0.0723,kept
1,2813441,2026-08-10,,0.4854,0.4854,kept
1,2813441,2026-08-25,,-0.81325,-0.81325,kept
1,2977281,2026-01-12,,-1.0188,-1.0188,kept
1,2977281,2026-07-16,,0.0652,0.0652,kept
1,2977281,2026-08-17,,0.0095,0.0095,kept
1,2977281,2026-08-24,,0.56165,0.56165,kept
1,2813441,2026-03-04,,0.5491,0.5491,kept
1,2813441,2026-05-27,,0.74045,0.74045,kept
1,2813441,2026-08-04,,0.07255,0.07255,kept
1,2813441,2026-08-10,,0.48675,0.48675,kept
1,2813441,2026-08-25,,-0.8156000000000001,-0.8156000000000001,kept
1,558337,2026-04-07,,0.7506,0.7506,kept
1,558337,2026-04-16,,0.0616,0.0616,kept
1,558337,2026-06-15,,0.3793499999999999,0.3793499999999999,kept
1,558337,2026-07-03,,0.0206999999999999,0.0206999999999999,kept
1,558337,2026-08-11,,0.98705,0.98705,kept
1,558337,2026-08-24,,0.0226,0.0226,kept
1,5582849,2026-03-17,,0.25855,0.25855,kept
1,5582849,2026-03-23,,0.27315,0.27315,kept
1,5582849,2026-04-16,,-1.00995,-1.00995,kept
1,2977281,2026-01-16,,0.4736,0.4736,kept
1,2977281,2026-07-23,,0.02635,0.02635,kept
1,2977281,2026-08-04,,0.42005,0.42005,kept
1,2977281,2026-08-17,,0.0095,0.0095,kept
1,2977281,2026-08-24,,0.5613499999999999,0.5613499999999999,kept
1,2977281,2026-03-24,,-1.0151,-1.0151,kept
1,2977281,2026-04-07,,0.4478,0.4478,kept
1,2977281,2026-05-14,,-1.01575,-1.01575,kept
1,2977281,2026-06-04,,-1.01465,-1.01465,kept
1,2977281,2026-08-05,,-1.0219,-1.0219,kept
1,2977281,2026-09-02,,0.51905,0.51905,kept
1,3930881,2026-08-24,,-0.5953499999999999,-0.5953499999999999,kept
1,348929,2026-01-14,,0.0717,0.0717,kept
1,348929,2026-01-22,,0.37785,0.37785,kept
1,348929,2026-02-27,,0.33385,0.33385,kept
1,348929,2026-03-11,,-1.01005,-1.01005,kept
1,348929,2026-04-07,,0.6671999999999999,0.6671999999999999,kept
1,348929,2026-05-07,,0.40615,0.40615,kept
1,348929,2026-05-21,,0.3792,0.3792,kept
1,348929,2026-06-04,,-1.01205,-1.01205,kept
1,348929,2026-08-03,,0.47055,0.47055,kept
1,348929,2026-08-14,,0.00895,0.00895,kept
1,519937,2026-01-13,,-1.01935,-1.01935,kept
1,519937,2026-07-16,,0.39285,0.39285,kept
1,519937,2026-07-28,,0.09655,0.09655,kept
1,519937,2026-08-14,,-1.01615,-1.01615,kept
1,519937,2026-09-04,,-0.23605,-0.23605,kept
1,3329,2026-09-01,,-0.4720999999999999,-0.4720999999999999,kept
1,2674433,2026-07-13,,-1.01555,-1.01555,kept
1,2455041,2026-04-02,,1.15525,1.15525,kept
1,1102337,2026-03-04,,-1.01605,-1.01605,kept
1,1102337,2026-03-11,,-1.01225,-1.01225,kept
1,1102337,2026-03-18,,-1.012,-1.012,kept
1,1102337,2026-03-24,,0.1614,0.1614,kept
1,1102337,2026-04-01,,0.7343,0.7343,kept
1,1102337,2026-04-13,,0.1595,0.1595,kept
1,1102337,2026-04-27,,-1.0121,-1.0121,kept
1,1102337,2026-05-05,,0.5276000000000001,0.5276000000000001,kept
1,1102337,2026-06-15,,0.73345,0.73345,kept
1,1102337,2026-03-05,,-1.0141,-1.0141,kept
1,1102337,2026-03-11,,-1.01175,-1.01175,kept
1,1102337,2026-03-18,,-1.0114999999999998,-1.0114999999999998,kept
1,1102337,2026-03-24,,0.1548,0.1548,kept
1,1102337,2026-04-01,,0.7045,0.7045,kept
1,1102337,2026-04-13,,0.1531,0.1531,kept
1,1102337,2026-04-27,,-1.0116,-1.0116,kept
1,1102337,2026-05-05,,0.5062000000000001,0.5062000000000001,kept
1,1102337,2026-06-15,,0.7038499999999999,0.7038499999999999,kept
1,2962689,2026-03-06,,0.08615,0.08615,kept
1,2962689,2026-03-25,,0.0052499999999999,0.0052499999999999,kept
1,2962689,2026-04-22,,-1.00815,-1.00815,kept
1,415745,2026-03-25,,0.06055,0.06055,kept
1,415745,2026-03-23,,0.05895,0.05895,kept
1,558337,2026-02-05,,-1.0132,-1.0132,kept
1,558337,2026-05-04,,0.5855,0.5855,kept
1,558337,2026-05-21,,0.0451,0.0451,kept
1,558337,2026-06-08,,0.808,0.808,kept
1,60417,2026-03-18,,0.3069,0.3069,kept
1,60417,2026-04-13,,0.6704,0.6704,kept
1,60417,2026-03-16,,0.1055,0.1055,kept
1,60417,2026-03-23,,0.3344499999999999,0.3344499999999999,kept
1,60417,2026-04-01,,0.3147,0.3147,kept
1,60417,2026-04-13,,0.6769499999999999,0.6769499999999999,kept
1,2674433,2026-03-27,,-1.01385,-1.01385,kept
1,2674433,2026-04-02,,0.97895,0.97895,kept
1,2674433,2026-05-07,,0.08755,0.08755,kept
1,2674433,2026-05-20,,0.48465,0.48465,kept
1,2674433,2026-06-23,,0.44215,0.44215,kept
1,1510401,2026-08-12,,0.0246999999999999,0.0246999999999999,kept
1,1510401,2026-08-26,,0.07855,0.07855,kept
1,1510401,2026-09-01,,-0.2596,-0.2596,kept
1,2674433,2026-03-30,,0.9499,0.9499,kept
1,2674433,2026-04-30,,-1.0158,-1.0158,kept
1,2674433,2026-05-13,,0.6224999999999999,0.6224999999999999,kept
1,2674433,2026-05-22,,0.0017999999999999,0.0017999999999999,kept
1,2674433,2026-06-02,,0.8328499999999999,0.8328499999999999,kept
1,2674433,2026-06-23,,0.4404,0.4404,kept
1,2674433,2026-07-01,,0.65015,0.65015,kept
1,3663105,2026-08-05,,0.36825,0.36825,kept
1,3663105,2026-08-14,,-0.4602,-0.4602,kept
1,1215745,2026-05-11,,-1.015,-1.015,kept
1,1215745,2026-05-22,,-1.0137,-1.0137,kept
1,1215745,2026-06-01,,0.12395,0.12395,kept
1,1215745,2026-07-22,,0.6782,0.6782,kept
1,1215745,2026-08-06,,0.39875,0.39875,kept
1,5533185,2026-02-02,,0.42605,0.42605,kept
1,5533185,2026-05-11,,0.4182,0.4182,kept
1,5533185,2026-08-07,,-0.5173,-0.5173,kept
1,5533185,2026-02-02,,0.42665,0.42665,kept
1,5533185,2026-05-11,,0.4187,0.4187,kept
1,5533185,2026-08-07,,-0.5179,-0.5179,kept
1,1510401,2026-08-12,,0.0246999999999999,0.0246999999999999,kept
1,1510401,2026-08-26,,0.07855,0.07855,kept
1,1510401,2026-09-01,,-0.2596,-0.2596,kept
1,140033,2026-05-21,,0.0758,0.0758,kept
1,140033,2026-07-27,,0.2978,0.2978,kept
1,140033,2026-08-04,,0.25875,0.25875,kept
1,140033,2026-09-03,,-0.33985,-0.33985,kept
1,5582849,2026-04-06,,1.56885,1.56885,kept
1,5582849,2026-04-27,,1.0242,1.0242,kept
1,5582849,2026-06-03,,-1.0338,-1.0338,kept
1,5582849,2026-06-12,,0.91275,0.91275,kept
1,5582849,2026-06-25,,0.9381,0.9381,kept
1,5582849,2026-08-17,,-1.03705,-1.03705,kept
1,5582849,2026-09-03,,0.7086500000000001,0.7086500000000001,kept
1,738561,2026-03-04,,0.3539,0.3539,kept
1,738561,2026-03-30,,0.0853,0.0853,kept
1,738561,2026-04-07,,0.19925,0.19925,kept
1,738561,2026-04-16,,0.27945,0.27945,kept
1,738561,2026-05-13,,-0.1916,-0.1916,kept
1,2585345,2026-03-16,,0.0091,0.0091,kept
1,2585345,2026-03-23,,0.05375,0.05375,kept
1,2585345,2026-04-01,,0.3166,0.3166,kept
1,2585345,2026-04-13,,0.34405,0.34405,kept
1,2585345,2026-04-28,,0.0012,0.0012,kept
1,2585345,2026-05-11,,0.26335,0.26335,kept
1,2585345,2026-07-10,,-1.0081,-1.0081,kept
1,2585345,2026-08-14,,-0.4848,-0.4848,kept
1,175361,2026-03-20,,-1.0092,-1.0092,kept
1,175361,2026-05-08,,-1.0105499999999998,-1.0105499999999998,kept
1,175361,2026-05-20,,0.4215,0.4215,kept
1,175361,2026-06-25,,0.1124999999999999,0.1124999999999999,kept
1,175361,2026-03-18,,-1.0093,-1.0093,kept
1,175361,2026-05-07,,-1.0103,-1.0103,kept
1,175361,2026-05-14,,0.99435,0.99435,kept
1,2457345,2026-04-13,,0.0103,0.0103,kept
1,2457345,2026-04-29,,0.11125,0.11125,kept
1,2457345,2026-05-08,,0.4121,0.4121,kept
1,2457345,2026-06-23,,0.46465,0.46465,kept
1,2457345,2026-07-01,,-1.01365,-1.01365,kept
1,2457345,2026-07-06,,0.78185,0.78185,kept
1,2457345,2026-08-03,,0.4386,0.4386,kept
1,2457345,2026-08-11,,0.6221,0.6221,kept
1,2457345,2026-04-13,,0.00855,0.00855,kept
1,2457345,2026-04-29,,0.092,0.092,kept
1,2457345,2026-05-08,,0.3410499999999999,0.3410499999999999,kept
1,2457345,2026-05-19,,0.39725,0.39725,kept
1,2457345,2026-06-09,,-1.0115500000000002,-1.0115500000000002,kept
1,2457345,2026-06-24,,0.05505,0.05505,kept
1,2457345,2026-07-02,,0.6244,0.6244,kept
1,2457345,2026-07-30,,0.0941999999999999,0.0941999999999999,kept
1,2457345,2026-08-13,,0.3843,0.3843,kept
1,2457345,2026-08-31,,0.3536,0.3536,kept
1,2457345,2026-09-07,,0.4958,0.4958,kept
1,2952193,2026-05-14,,-1.0192,-1.0192,kept
1,2952193,2026-06-08,,0.8710500000000001,0.8710500000000001,kept
1,2952193,2026-06-22,,0.1209,0.1209,kept
1,2952193,2026-08-21,,0.1407,0.1407,kept
1,2952193,2026-09-01,,-1.0291,-1.0291,kept
1,2952193,2026-03-10,,-1.0117,-1.0117,kept
1,2952193,2026-03-17,,0.37315,0.37315,kept
1,2952193,2026-04-30,,0.2974,0.2974,kept
1,2952193,2026-05-12,,-1.01235,-1.01235,kept
1,2952193,2026-06-10,,0.46005,0.46005,kept
1,2952193,2026-06-19,,0.2925,0.2925,kept
1,2952193,2026-07-01,,0.3768999999999999,0.3768999999999999,kept
1,2952193,2026-07-10,,0.1137,0.1137,kept
1,2952193,2026-08-19,,0.29505,0.29505,kept
1,2952193,2026-09-01,,-1.01825,-1.01825,kept
1,5436929,2026-03-02,,0.33705,0.33705,kept
1,5436929,2026-03-11,,0.2032,0.2032,kept
1,5436929,2026-05-19,,0.2038,0.2038,kept
1,5436929,2026-06-02,,0.37135,0.37135,kept
1,5436929,2026-07-22,,0.2914,0.2914,kept
1,2585345,2026-03-06,,-1.00785,-1.00785,kept
1,2585345,2026-03-25,,0.29895,0.29895,kept
1,2585345,2026-04-13,,0.34405,0.34405,kept
1,2585345,2026-04-28,,0.0012,0.0012,kept
1,2585345,2026-05-11,,0.26335,0.26335,kept
1,2585345,2026-08-11,,-1.00805,-1.00805,kept
1,2585345,2026-09-02,,-0.34375,-0.34375,kept
1,140033,2026-04-01,,0.0613,0.0613,kept
1,140033,2026-04-13,,0.0779,0.0779,kept
1,140033,2026-05-11,,-0.1447999999999999,-0.1447999999999999,kept
1,140033,2026-08-24,,-1.01565,-1.01565,kept
1,140033,2026-09-09,,-0.1909,-0.1909,kept
1,2127617,2026-01-22,,-0.0009499999999999,-0.0009499999999999,kept
1,2127617,2026-03-24,,0.5977,0.5977,kept
1,2127617,2026-04-01,,-1.01335,-1.01335,kept
1,2127617,2026-04-07,,1.4473999999999998,1.4473999999999998,kept
1,2127617,2026-05-12,,-1.0142,-1.0142,kept
1,2127617,2026-06-04,,0.8093,0.8093,kept
1,2127617,2026-06-23,,-1.01825,-1.01825,kept
1,2127617,2026-07-07,,1.1534000000000002,1.1534000000000002,kept
1,2127617,2026-07-23,,0.2552,0.2552,kept
1,2127617,2026-08-19,,0.6899,0.6899,kept
1,1304833,2026-04-22,,0.02965,0.02965,kept
1,1304833,2026-07-01,,0.42535,0.42535,kept
1,1304833,2026-07-08,,0.25385,0.25385,kept
1,1304833,2026-07-14,,0.26825,0.26825,kept
1,1304833,2026-07-20,,0.0725,0.0725,kept
1,1304833,2026-07-28,,0.33475,0.33475,kept
1,1304833,2026-08-03,,0.2656,0.2656,kept
1,1304833,2026-08-12,,0.1023,0.1023,kept
1,1304833,2026-09-02,,-0.09605,-0.09605,kept
1,1304833,2026-03-12,,0.37955,0.37955,kept
1,1304833,2026-03-23,,0.2873,0.2873,kept
1,1304833,2026-04-01,,0.09615,0.09615,kept
1,1304833,2026-07-10,,0.41795,0.41795,kept
1,1304833,2026-08-03,,0.2859,0.2859,kept
1,1304833,2026-08-12,,0.1101999999999999,0.1101999999999999,kept
1,1304833,2026-09-02,,-0.10335,-0.10335,kept
1,5506049,2026-02-01,,-1.0084,-1.0084,kept
1,5506049,2026-04-10,,0.7625500000000001,0.7625500000000001,kept
1,5506049,2026-05-05,,0.34235,0.34235,kept
1,5506049,2026-06-18,,0.0670999999999999,0.0670999999999999,kept
1,1304833,2026-08-17,,0.2124499999999999,0.2124499999999999,kept
1,1304833,2026-09-02,,-0.07495,-0.07495,kept
1,424961,2026-01-12,,-1.01665,-1.01665,kept
1,492033,2026-01-28,,0.27485,0.27485,kept
1,492033,2026-02-06,,0.3835499999999999,0.3835499999999999,kept
1,492033,2026-02-16,,0.11185,0.11185,kept
1,492033,2026-03-02,,-1.01245,-1.01245,kept
1,492033,2026-03-16,,0.0158,0.0158,kept
1,492033,2026-03-23,,0.1153,0.1153,kept
1,492033,2026-04-01,,0.2842,0.2842,kept
1,492033,2026-04-15,,0.00645,0.00645,kept
1,492033,2026-04-27,,0.0460499999999999,0.0460499999999999,kept
1,492033,2026-05-05,,0.1105999999999999,0.1105999999999999,kept
1,492033,2026-06-01,,0.43045,0.43045,kept
1,2815745,2026-02-20,,-1.0122,-1.0122,kept
1,2815745,2026-03-11,,-1.0101,-1.0101,kept
1,2815745,2026-03-18,,0.2986999999999999,0.2986999999999999,kept
1,2815745,2026-04-16,,0.10105,0.10105,kept
1,2815745,2026-05-07,,0.3859,0.3859,kept
1,2815745,2026-07-10,,0.2868499999999999,0.2868499999999999,kept
1,2815745,2026-08-05,,-1.0131,-1.0131,kept
1,348929,2026-01-21,,0.30265,0.30265,kept
1,348929,2026-02-01,,0.23675,0.23675,kept
1,348929,2026-02-10,,0.28955,0.28955,kept
1,348929,2026-05-07,,0.2465,0.2465,kept
1,348929,2026-07-31,,0.33505,0.33505,kept
1,348929,2026-08-20,,-0.51545,-0.51545,kept
1,197633,2026-03-19,,-1.0125,-1.0125,kept
1,197633,2026-04-02,,0.4091,0.4091,kept
1,197633,2026-04-16,,0.45165,0.45165,kept
1,197633,2026-04-28,,0.5664999999999999,0.5664999999999999,kept
1,197633,2026-05-13,,-1.0125,-1.0125,kept
1,197633,2026-06-01,,0.0948,0.0948,kept
1,197633,2026-07-10,,-1.0137,-1.0137,kept
1,356865,2026-03-09,,-1.01345,-1.01345,kept
1,356865,2026-03-25,,0.3449,0.3449,kept
1,356865,2026-06-01,,0.05325,0.05325,kept
1,356865,2026-06-25,,0.33615,0.33615,kept
1,356865,2026-07-08,,-1.01575,-1.01575,kept
1,356865,2026-07-30,,-1.0124,-1.0124,kept
1,356865,2026-09-11,,0.02595,0.02595,kept
1,2813441,2026-03-04,,0.4596,0.4596,kept
1,2813441,2026-05-27,,0.6198,0.6198,kept
1,2813441,2026-08-04,,0.0607499999999999,0.0607499999999999,kept
1,2813441,2026-08-10,,0.4075,0.4075,kept
1,2813441,2026-08-25,,-0.6827,-0.6827,kept
1,2977281,2026-08-17,,0.0060999999999999,0.0060999999999999,kept
1,2977281,2026-08-24,,0.36255,0.36255,kept
1,2813441,2026-03-04,,0.4548999999999999,0.4548999999999999,kept
1,2813441,2026-05-27,,0.6135,0.6135,kept
1,2813441,2026-08-04,,0.06015,0.06015,kept
1,2813441,2026-08-10,,0.40335,0.40335,kept
1,2813441,2026-08-25,,-0.6757500000000001,-0.6757500000000001,kept
1,558337,2026-04-07,,0.60335,0.60335,kept
1,558337,2026-04-16,,0.04945,0.04945,kept
1,558337,2026-06-15,,0.3049,0.3049,kept
1,558337,2026-07-03,,0.01665,0.01665,kept
1,558337,2026-08-11,,0.7934,0.7934,kept
1,558337,2026-08-24,,0.01815,0.01815,kept
1,5582849,2026-03-17,,0.24485,0.24485,kept
1,5582849,2026-03-23,,0.2587,0.2587,kept
1,5582849,2026-04-16,,-1.0094,-1.0094,kept
1,2977281,2026-07-29,,0.054,0.054,kept
1,2977281,2026-08-17,,0.00575,0.00575,kept
1,2977281,2026-08-24,,0.3396499999999999,0.3396499999999999,kept
1,2977281,2026-03-24,,0.5755499999999999,0.5755499999999999,kept
1,2977281,2026-05-14,,-1.01155,-1.01155,kept
1,2977281,2026-06-09,,-1.0105000000000002,-1.0105000000000002,kept
1,2977281,2026-08-31,,0.05405,0.05405,kept
1,3930881,2026-08-24,,-0.5165,-0.5165,kept
1,5436929,2026-01-20,,-1.0091,-1.0091,kept
1,5436929,2026-04-10,,0.3711,0.3711,kept
1,5436929,2026-06-16,,0.0233499999999999,0.0233499999999999,kept
1,5436929,2026-07-03,,0.08635,0.08635,kept
1,5436929,2026-08-11,,0.0397,0.0397,kept
1,5436929,2026-08-24,,0.0844999999999999,0.0844999999999999,kept
1,348929,2026-01-14,,0.05005,0.05005,kept
1,348929,2026-01-22,,0.26425,0.26425,kept
1,348929,2026-02-27,,0.23345,0.23345,kept
1,348929,2026-03-11,,0.37605,0.37605,kept
1,348929,2026-05-07,,0.2840499999999999,0.2840499999999999,kept
1,348929,2026-05-21,,0.2652,0.2652,kept
1,348929,2026-06-04,,-1.0084499999999998,-1.0084499999999998,kept
1,348929,2026-08-03,,0.3290499999999999,0.3290499999999999,kept
1,348929,2026-08-14,,0.00625,0.00625,kept
1,519937,2026-01-13,,-1.0191,-1.0191,kept
1,519937,2026-07-16,,0.3894,0.3894,kept
1,519937,2026-07-28,,0.09575,0.09575,kept
1,519937,2026-08-14,,-1.016,-1.016,kept
1,3329,2026-09-01,,-0.33585,-0.33585,kept
1,2674433,2026-07-13,,-1.01325,-1.01325,kept
1,2455041,2026-04-02,,1.0761500000000002,1.0761500000000002,kept
1,1102337,2026-03-04,,-1.0158,-1.0158,kept
1,1102337,2026-03-11,,-1.0121,-1.0121,kept
1,1102337,2026-03-18,,-1.0118,-1.0118,kept
1,1102337,2026-03-24,,0.1584499999999999,0.1584499999999999,kept
1,1102337,2026-04-01,,0.7209000000000001,0.7209000000000001,kept
1,1102337,2026-04-13,,0.15665,0.15665,kept
1,1102337,2026-04-27,,-1.01195,-1.01195,kept
1,1102337,2026-05-05,,0.5179499999999999,0.5179499999999999,kept
1,1102337,2026-06-15,,0.7202,0.7202,kept
1,1102337,2026-03-05,,-1.0138,-1.0138,kept
1,1102337,2026-03-11,,-1.0114999999999998,-1.0114999999999998,kept
1,1102337,2026-03-18,,-1.01135,-1.01135,kept
1,1102337,2026-03-24,,0.1515,0.1515,kept
1,1102337,2026-04-01,,0.6893,0.6893,kept
1,1102337,2026-04-13,,0.1498,0.1498,kept
1,1102337,2026-04-27,,-1.01135,-1.01135,kept
1,1102337,2026-05-05,,0.4952499999999999,0.4952499999999999,kept
1,1102337,2026-06-15,,0.6886000000000001,0.6886000000000001,kept
1,2962689,2026-03-06,,0.0808499999999999,0.0808499999999999,kept
1,2962689,2026-03-25,,0.0048999999999999,0.0048999999999999,kept
1,2962689,2026-04-22,,-1.00765,-1.00765,kept
1,415745,2026-03-25,,0.049,0.049,kept
1,415745,2026-03-23,,0.0499999999999999,0.0499999999999999,kept
1,558337,2026-02-05,,-1.01295,-1.01295,kept
1,558337,2026-05-04,,0.573,0.573,kept
1,558337,2026-05-21,,0.0441,0.0441,kept
1,558337,2026-06-08,,0.7908499999999999,0.7908499999999999,kept
1,60417,2026-03-18,,0.26765,0.26765,kept
1,60417,2026-04-13,,0.5845,0.5845,kept
1,60417,2026-03-16,,0.0923,0.0923,kept
1,60417,2026-03-23,,0.2927,0.2927,kept
1,60417,2026-04-01,,0.27535,0.27535,kept
1,60417,2026-04-13,,0.5924,0.5924,kept
